Workbook
Name AFG: Lookup_TEAMS!$B$5
Name AUS: Lookup_TEAMS!$B$6
Name BAN: Lookup_TEAMS!$B$7
Name BATROWS: Rawdata_Match!$P$2
Name BOWLROWS: Rawdata_Match!$BJ$3
Name ENG: Lookup_TEAMS!$B$8
Name FLAGS: Lookup_TEAMS!$B$5:$B$6
Name I_MATCHNO: #REF!
Name I_TEAM: #REF!
Name IND: Lookup_TEAMS!$B$9
Name IRE: Lookup_TEAMS!$B$10
Name MatchNameList: T_MATCHSUM[MATCH NAME]
Name Matchnumlist: T_MATCHSUM[Match Number]
Name NZ: Lookup_TEAMS!$B$11
Name PAK: Lookup_TEAMS!$B$12
Name SAF: Lookup_TEAMS!$B$14
Name SCO: Lookup_TEAMS!$B$13
Name SL: Lookup_TEAMS!$B$15
Name TEAMABR: Lookup_TEAMS!$C$5:$C$18
Name TeamFlag1: INDIRECT(#REF!)
Name TeamFlag2: INDIRECT(#REF!)
Name TEAMNMS: Lookup_TEAMS!$A$5:$A$18
Name TVIEWFLAG: INDIRECT(#REF!)
Name UAE: Lookup_TEAMS!$B$16
Name WI: Lookup_TEAMS!$B$17
Name ZIM: Lookup_TEAMS!$B$18

Sheet Rawdata_Match
P2: =ROWS(T_BATTINGDATA[Match]) -> 863
A3: BATTING | R3: EXTRAS | AA3: TOTAL SCORE | BJ3: =ROWS(Table9[Match Number]) -> 585
A5: Match | B5: Team | C5: Batsman | D5: Dismissal | E5: R | F5: M | G5: B | H5: 4s | I5: 6s | J5: SR | K5: Bat Number | L5: LINK | M5: SEL TEAM BAT | N5: SEL TEAM RUNS | O5: BATSMAN NAME | P5: Batsman Cum Score | R5: Match Number | S5: Team Batting | T5: LB | U5: W | V5: NB | W5: BYES | X5: TOTAL | Y5: LINK | AA5: Match Number | AB5: Team | AC5: Wickets | AD5: Total | AE5: RPO | AF5: Overs | AG5: LINK | AH5: ORDER | AI5: ORDER LINK | AJ5: BOWLING TEAM | AK5: Counting Overs | AL5: Counting balls | AM5: Counting Actual Balls | AN5: Counted Runs | AP5: Match Number | AQ5: Team | AR5: Bowler | AS5: Overs | AT5: Maidens | AU5: Runs | AV5: Wickets | AW5: Econ | AX5: 0s | AY5: 4s | AZ5: 6s | BA5: Wides | BB5: No balls | BC5: BOWL NUM | BD5: LINK | BE5: SEL TEAM BOWLER | BF5: BALLS BOWLED | BG5: BATTING TEAM | BH5: SEL TEAM WICKETS | BI5: VALUE WICKETS | BJ5: BOWLER CUML WICKETS | BK5: BOWLER CUML RUNS | BL5: BOWLER CUML VALUE
A6: 13 | B6: India | C6: RG Sharma | D6: run out (de Villiers) | E6: 0 | F6: 13 | G6: 6 | H6: 0 | I6: 0 | J6: 0 | K6: 1 | L6: =CONCATENATE(T_BATTINGDATA[[#This Row],[Match]],T_BATTINGDATA[[#This Row],[Team]],T_BATTINGDATA[[#This Row],[Bat Number]]) -> 13India1 | M6: =IFERROR(IF(AND(T_BATTINGDATA[[#This Row],[Team]]=I_TEAM,IFERROR(IF(MATCH(T_BATTINGDATA[[#This Row],[BATSMAN NAME]],$O$5:O5,0)>0,0),1)),1,0),"") | N6: =IF(T_BATTINGDATA[[#This Row],[Team]]=I_TEAM,T_BATTINGDATA[[#This Row],[R]],0) -> #REF! | O6: =LEFT(T_BATTINGDATA[[#This Row],[Batsman]],IFERROR(FIND("*",T_BATTINGDATA[[#This Row],[Batsman]])-1,IFERROR(FIND("†",T_BATTINGDATA[[#This Row],[Batsman]])-1,LEN(T_BATTINGDATA[[#This Row],[Batsman]])))) -> RG Sharma | P6: =IFERROR(IF(MATCH(T_BATTINGDATA[[#This Row],[BATSMAN NAME]],OFFSET(O7,0,0,BATROWS-ROW(O6)-ROW(T_BATTINGDATA[[#Headers],[BATSMAN NAME]])),0)>0,0,SUMIF($O$6:O6,T_BATTINGDATA[[#This Row],[BATSMAN NAME]],$E$6:E6)),SUMIF($O$6:O6,T_BATTINGDATA[[#This Row],[BATSMAN NAME]],$E$6:E6)) -> 0 | R6: 13 | S6: India | T6: 2 | U6: 6 | V6: 2 | X6: 10 | Y6: =CONCATENATE(T_EXTRAS[[#This Row],[Match Number]],T_EXTRAS[[#This Row],[Team Batting]]) -> 13India | AA6: 1 | AB6: New Zealand | AC6: 6 | AD6: 331 | AE6: 6.62 | AF6: 50 | AG6: =T_MTOTAL[[#This Row],[Match Number]]&T_MTOTAL[[#This Row],[Team]] -> 1New Zealand | AH6: 1 | AI6: =T_MTOTAL[[#This Row],[Match Number]]&" "&T_MTOTAL[[#This Row],[ORDER]] -> 1 1 | AJ6: =IF(INDEX(T_MATCHSUM[TEAM ONE],MATCH(T_MTOTAL[[#This Row],[Match Number]],T_MATCHSUM[Match Number],0))=T_MTOTAL[[#This Row],[Team]],INDEX(T_MATCHSUM[TEAM TWO],MATCH(T_MTOTAL[[#This Row],[Match Number]],T_MATCHSUM[Match Number],0)),INDEX(T_MATCHSUM[TEAM ONE],MATCH(T_MTOTAL[[#This Row],[Match Number]],T_MATCHSUM[Match Number],0))) -> SRI LANKA | AK6: =IF(OR(T_MTOTAL[[#This Row],[ORDER LINK]]="32 2",T_MTOTAL[[#This Row],[ORDER LINK]]="36 2"),50,IFERROR(IF(MATCH(T_MTOTAL[[#This Row],[ORDER LINK]],T_DL[link],0)>0, INDEX(T_DL[D/L Overs],MATCH(T_MTOTAL[[#This Row],[ORDER LINK]],T_DL[link],0)),IF(T_MTOTAL[[#This Row],[Wickets]]=10, 50,T_MTOTAL[[#This Row],[Overs]])),IF(T_MTOTAL[[#This Row],[Wickets]]=10, 50,T_MTOTAL[[#This Row],[Overs]]))) -> 50 | AL6: =(LEFT(T_MTOTAL[[#This Row],[Counting Overs]],IFERROR(FIND(".",T_MTOTAL[[#This Row],[Counting Overs]])-1,LEN(T_MTOTAL[[#This Row],[Counting Overs]])))*6) + IFERROR(IF(FIND(".",T_MTOTAL[[#This Row],[Counting Overs]])+1>0,RIGHT(T_MTOTAL[[#This Row],[Counting Overs]],1),0),0) -> 300 | AM6: =(LEFT(T_MTOTAL[[#This Row],[Overs]],IFERROR(FIND(".",T_MTOTAL[[#This Row],[Overs]])-1,LEN(T_MTOTAL[[#This Row],[Overs]])))*6) + IFERROR(IF(FIND(".",T_MTOTAL[[#This Row],[Overs]])+1>0,RIGHT(T_MTOTAL[[#This Row],[Overs]],1),0),0) -> 300 | AN6: =IFERROR(IF(MATCH(T_MTOTAL[[#This Row],[ORDER LINK]],T_DL[link],0)>0,INDEX(T_DL[d/l score],MATCH(T_MTOTAL[[#This Row],[ORDER LINK]],T_DL[link],0)),""),T_MTOTAL[[#This Row],[Total]]) -> 331 | AP6: 13 | AQ6: South Africa | AR6: DW Steyn | AS6: 10 | AT6: 1 | AU6: 55 | AV6: 1 | AW6: 5.5 | AX6: 36 | AY6: 6 | AZ6: 2 | BC6: 1 | BD6: =CONCATENATE(Table9[[#This Row],[Match Number]],Table9[[#This Row],[Team]],Table9[[#This Row],[BOWL NUM]]) -> 13South Africa1 | BE6: =IFERROR(IF(AND(Table9[[#This Row],[Team]]=I_TEAM,IFERROR(IF(MATCH(Table9[[#This Row],[Bowler]],$AR$5:AR5,0)>0,0),1)),1,0),"") | BF6: =(LEFT(Table9[[#This Row],[Overs]],IFERROR(FIND(".",Table9[[#This Row],[Overs]])-1,LEN(Table9[[#This Row],[Overs]])))*6) + IFERROR(IF(FIND(".",Table9[[#This Row],[Overs]])+1>0,RIGHT(Table9[[#This Row],[Overs]],1),0),0) -> 60 | BG6: =IF(INDEX(T_MATCHSUM[TEAM ONE],MATCH(Table9[[#This Row],[Match Number]],T_MATCHSUM[Match Number],0))=Table9[[#This Row],[Team]],INDEX(T_MATCHSUM[TEAM TWO],MATCH(Table9[[#This Row],[Match Number]],T_MATCHSUM[Match Number],0)),INDEX(T_MATCHSUM[TEAM ONE],MATCH(Table9[[#This Row],[Match Number]],T_MATCHSUM[Match Number],0))) -> INDIA | BH6: =IF(Table9[[#This Row],[Team]]=I_TEAM,Table9[[#This Row],[Wickets]]*100-Table9[[#This Row],[Runs]],0) -> #REF! | BI6: =Table9[[#This Row],[Wickets]]*100-Table9[[#This Row],[Runs]] -> 45 | BJ6: =IFERROR(IF(MATCH(Table9[[#This Row],[Bowler]],OFFSET(AR7,0,0,BOWLROWS-ROW(AR6)-ROW(Table9[[#Headers],[BOWLER CUML WICKETS]])),0)>0,0,SUMIF($AR$6:AR6,Table9[[#This Row],[Bowler]],$AV$6:AV6)),SUMIF($AR$6:AR6,Table9[[#This Row],[Bowler]],$AV$6:AV6)) -> 0 | BK6: =IFERROR(IF(MATCH(Table9[[#This Row],[Bowler]],OFFSET(AR7,0,0,BOWLROWS-ROW(AR6)-ROW(Table9[[#Headers],[BOWLER CUML WICKETS]])),0)>0,0,SUMIF($AR$6:AR6,Table9[[#This Row],[Bowler]],$AU$6:AU6)),SUMIF($AR$6:AR6,Table9[[#This Row],[Bowler]],$AU$6:AU6)) -> 0 | BL6: =Table9[[#This Row],[BOWLER CUML WICKETS]]*100-Table9[[#This Row],[BOWLER CUML RUNS]] -> 0
A7: 13 | B7: India | C7: S Dhawan | D7: c Amla b Parnell | E7: 137 | F7: 199 | G7: 146 | H7: 16 | I7: 2 | J7: 93.83 | K7: 2 | L7: =CONCATENATE(T_BATTINGDATA[[#This Row],[Match]],T_BATTINGDATA[[#This Row],[Team]],T_BATTINGDATA[[#This Row],[Bat Number]]) -> 13India2 | M7: =IFERROR(IF(AND(T_BATTINGDATA[[#This Row],[Team]]=I_TEAM,IFERROR(IF(MATCH(T_BATTINGDATA[[#This Row],[BATSMAN NAME]],$O$5:O6,0)>0,0),1)),1,0),"") | N7: =IF(T_BATTINGDATA[[#This Row],[Team]]=I_TEAM,T_BATTINGDATA[[#This Row],[R]],0) -> #REF! | O7: =LEFT(T_BATTINGDATA[[#This Row],[Batsman]],IFERROR(FIND("*",T_BATTINGDATA[[#This Row],[Batsman]])-1,IFERROR(FIND("†",T_BATTINGDATA[[#This Row],[Batsman]])-1,LEN(T_BATTINGDATA[[#This Row],[Batsman]])))) -> S Dhawan | P7: =IFERROR(IF(MATCH(T_BATTINGDATA[[#This Row],[BATSMAN NAME]],OFFSET(O8,0,0,BATROWS-ROW(O7)-ROW(T_BATTINGDATA[[#Headers],[BATSMAN NAME]])),0)>0,0,SUMIF($O$6:O7,T_BATTINGDATA[[#This Row],[BATSMAN NAME]],$E$6:E7)),SUMIF($O$6:O7,T_BATTINGDATA[[#This Row],[BATSMAN NAME]],$E$6:E7)) -> 0 | R7: 13 | S7: South Africa | T7: 1 | U7: 6 | X7: 7 | Y7: =CONCATENATE(T_EXTRAS[[#This Row],[Match Number]],T_EXTRAS[[#This Row],[Team Batting]]) -> 13South Africa | AA7: 1 | AB7: Sri Lanka | AC7: 10 | AD7: 233 | AE7: 5.04 | AF7: 46.1 | AG7: =T_MTOTAL[[#This Row],[Match Number]]&T_MTOTAL[[#This Row],[Team]] -> 1Sri Lanka | AH7: 2 | AI7: =T_MTOTAL[[#This Row],[Match Number]]&" "&T_MTOTAL[[#This Row],[ORDER]] -> 1 2 | AJ7: =IF(INDEX(T_MATCHSUM[TEAM ONE],MATCH(T_MTOTAL[[#This Row],[Match Number]],T_MATCHSUM[Match Number],0))=T_MTOTAL[[#This Row],[Team]],INDEX(T_MATCHSUM[TEAM TWO],MATCH(T_MTOTAL[[#This Row],[Match Number]],T_MATCHSUM[Match Number],0)),INDEX(T_MATCHSUM[TEAM ONE],MATCH(T_MTOTAL[[#This Row],[Match Number]],T_MATCHSUM[Match Number],0))) -> NEW ZEALAND | AK7: =IF(OR(T_MTOTAL[[#This Row],[ORDER LINK]]="32 2",T_MTOTAL[[#This Row],[ORDER LINK]]="36 2"),50,IFERROR(IF(MATCH(T_MTOTAL[[#This Row],[ORDER LINK]],T_DL[link],0)>0, INDEX(T_DL[D/L Overs],MATCH(T_MTOTAL[[#This Row],[ORDER LINK]],T_DL[link],0)),IF(T_MTOTAL[[#This Row],[Wickets]]=10, 50,T_MTOTAL[[#This Row],[Overs]])),IF(T_MTOTAL[[#This Row],[Wickets]]=10, 50,T_MTOTAL[[#This Row],[Overs]]))) -> 50 | AL7: =(LEFT(T_MTOTAL[[#This Row],[Counting Overs]],IFERROR(FIND(".",T_MTOTAL[[#This Row],[Counting Overs]])-1,LEN(T_MTOTAL[[#This Row],[Counting Overs]])))*6) + IFERROR(IF(FIND(".",T_MTOTAL[[#This Row],[Counting Overs]])+1>0,RIGHT(T_MTOTAL[[#This Row],[Counting Overs]],1),0),0) -> 300 | AM7: =(LEFT(T_MTOTAL[[#This Row],[Overs]],IFERROR(FIND(".",T_MTOTAL[[#This Row],[Overs]])-1,LEN(T_MTOTAL[[#This Row],[Overs]])))*6) + IFERROR(IF(FIND(".",T_MTOTAL[[#This Row],[Overs]])+1>0,RIGHT(T_MTOTAL[[#This Row],[Overs]],1),0),0) -> 277 | AN7: =IFERROR(IF(MATCH(T_MTOTAL[[#This Row],[ORDER LINK]],T_DL[link],0)>0,INDEX(T_DL[d/l score],MATCH(T_MTOTAL[[#This Row],[ORDER LINK]],T_DL[link],0)),""),T_MTOTAL[[#This Row],[Total]]) -> 233 | AP7: 13 | AQ7: South Africa | AR7: VD Philander | AS7: 4 | AT7: 1 | AU7: 19 | AV7: 0 | AW7: 4.75 | AX7: 15 | AY7: 3 | AZ7: 0 | BC7: 2 | BD7: =CONCATENATE(Table9[[#This Row],[Match Number]],Table9[[#This Row],[Team]],Table9[[#This Row],[BOWL NUM]]) -> 13South Africa2 | BE7: =IFERROR(IF(AND(Table9[[#This Row],[Team]]=I_TEAM,IFERROR(IF(MATCH(Table9[[#This Row],[Bowler]],$AR$5:AR6,0)>0,0),1)),1,0),"") | BF7: =(LEFT(Table9[[#This Row],[Overs]],IFERROR(FIND(".",Table9[[#This Row],[Overs]])-1,LEN(Table9[[#This Row],[Overs]])))*6) + IFERROR(IF(FIND(".",Table9[[#This Row],[Overs]])+1>0,RIGHT(Table9[[#This Row],[Overs]],1),0),0) -> 24 | BG7: =IF(INDEX(T_MATCHSUM[TEAM ONE],MATCH(Table9[[#This Row],[Match Number]],T_MATCHSUM[Match Number],0))=Table9[[#This Row],[Team]],INDEX(T_MATCHSUM[TEAM TWO],MATCH(Table9[[#This Row],[Match Number]],T_MATCHSUM[Match Number],0)),INDEX(T_MATCHSUM[TEAM ONE],MATCH(Table9[[#This Row],[Match Number]],T_MATCHSUM[Match Number],0))) -> INDIA | BH7: =IF(Table9[[#This Row],[Team]]=I_TEAM,Table9[[#This Row],[Wickets]]*100-Table9[[#This Row],[Runs]],0) -> #REF! | BI7: =Table9[[#This Row],[Wickets]]*100-Table9[[#This Row],[Runs]] -> -19 | BJ7: =IFERROR(IF(MATCH(Table9[[#This Row],[Bowler]],OFFSET(AR8,0,0,BOWLROWS-ROW(AR7)-ROW(Table9[[#Headers],[BOWLER CUML WICKETS]])),0)>0,0,SUMIF($AR$6:AR7,Table9[[#This Row],[Bowler]],$AV$6:AV7)),SUMIF($AR$6:AR7,Table9[[#This Row],[Bowler]],$AV$6:AV7)) -> 0 | BK7: =IFERROR(IF(MATCH(Table9[[#This Row],[Bowler]],OFFSET(AR8,0,0,BOWLROWS-ROW(AR7)-ROW(Table9[[#Headers],[BOWLER CUML WICKETS]])),0)>0,0,SUMIF($AR$6:AR7,Table9[[#This Row],[Bowler]],$AU$6:AU7)),SUMIF($AR$6:AR7,Table9[[#This Row],[Bowler]],$AU$6:AU7)) -> 0 | BL7: =Table9[[#This Row],[BOWLER CUML WICKETS]]*100-Table9[[#This Row],[BOWLER CUML RUNS]] -> 0
A8: 13 | B8: India | C8: V Kohli | D8: c du Plessis b Imran Tahir | E8: 46 | F8: 106 | G8: 60 | H8: 3 | I8: 0 | J8: 76.66 | K8: 3 | L8: =CONCATENATE(T_BATTINGDATA[[#This Row],[Match]],T_BATTINGDATA[[#This Row],[Team]],T_BATTINGDATA[[#This Row],[Bat Number]]) -> 13India3 | M8: =IFERROR(IF(AND(T_BATTINGDATA[[#This Row],[Team]]=I_TEAM,IFERROR(IF(MATCH(T_BATTINGDATA[[#This Row],[BATSMAN NAME]],$O$5:O7,0)>0,0),1)),1,0),"") | N8: =IF(T_BATTINGDATA[[#This Row],[Team]]=I_TEAM,T_BATTINGDATA[[#This Row],[R]],0) -> #REF! | O8: =LEFT(T_BATTINGDATA[[#This Row],[Batsman]],IFERROR(FIND("*",T_BATTINGDATA[[#This Row],[Batsman]])-1,IFERROR(FIND("†",T_BATTINGDATA[[#This Row],[Batsman]])-1,LEN(T_BATTINGDATA[[#This Row],[Batsman]])))) -> V Kohli | P8: =IFERROR(IF(MATCH(T_BATTINGDATA[[#This Row],[BATSMAN NAME]],OFFSET(O9,0,0,BATROWS-ROW(O8)-ROW(T_BATTINGDATA[[#Headers],[BATSMAN NAME]])),0)>0,0,SUMIF($O$6:O8,T_BATTINGDATA[[#This Row],[BATSMAN NAME]],$E$6:E8)),SUMIF($O$6:O8,T_BATTINGDATA[[#This Row],[BATSMAN NAME]],$E$6:E8)) -> 0 | R8: 4 | S8: India | T8: 2 | U8: 3 | V8: 1 | X8: 6 | Y8: =CONCATENATE(T_EXTRAS[[#This Row],[Match Number]],T_EXTRAS[[#This Row],[Team Batting]]) -> 4India | AA8: 2 | AB8: Australia | AC8: 9 | AD8: 342 | AE8: 6.84 | AF8: 50 | AG8: =T_MTOTAL[[#This Row],[Match Number]]&T_MTOTAL[[#This Row],[Team]] -> 2Australia | AH8: 1 | AI8: =T_MTOTAL[[#This Row],[Match Number]]&" "&T_MTOTAL[[#This Row],[ORDER]] -> 2 1 | AJ8: =IF(INDEX(T_MATCHSUM[TEAM ONE],MATCH(T_MTOTAL[[#This Row],[Match Number]],T_MATCHSUM[Match Number],0))=T_MTOTAL[[#This Row],[Team]],INDEX(T_MATCHSUM[TEAM TWO],MATCH(T_MTOTAL[[#This Row],[Match Number]],T_MATCHSUM[Match Number],0)),INDEX(T_MATCHSUM[TEAM ONE],MATCH(T_MTOTAL[[#This Row],[Match Number]],T_MATCHSUM[Match Number],0))) -> ENGLAND | AK8: =IF(OR(T_MTOTAL[[#This Row],[ORDER LINK]]="32 2",T_MTOTAL[[#This Row],[ORDER LINK]]="36 2"),50,IFERROR(IF(MATCH(T_MTOTAL[[#This Row],[ORDER LINK]],T_DL[link],0)>0, INDEX(T_DL[D/L Overs],MATCH(T_MTOTAL[[#This Row],[ORDER LINK]],T_DL[link],0)),IF(T_MTOTAL[[#This Row],[Wickets]]=10, 50,T_MTOTAL[[#This Row],[Overs]])),IF(T_MTOTAL[[#This Row],[Wickets]]=10, 50,T_MTOTAL[[#This Row],[Overs]]))) -> 50 | AL8: =(LEFT(T_MTOTAL[[#This Row],[Counting Overs]],IFERROR(FIND(".",T_MTOTAL[[#This Row],[Counting Overs]])-1,LEN(T_MTOTAL[[#This Row],[Counting Overs]])))*6) + IFERROR(IF(FIND(".",T_MTOTAL[[#This Row],[Counting Overs]])+1>0,RIGHT(T_MTOTAL[[#This Row],[Counting Overs]],1),0),0) -> 300 | AM8: =(LEFT(T_MTOTAL[[#This Row],[Overs]],IFERROR(FIND(".",T_MTOTAL[[#This Row],[Overs]])-1,LEN(T_MTOTAL[[#This Row],[Overs]])))*6) + IFERROR(IF(FIND(".",T_MTOTAL[[#This Row],[Overs]])+1>0,RIGHT(T_MTOTAL[[#This Row],[Overs]],1),0),0) -> 300 | AN8: =IFERROR(IF(MATCH(T_MTOTAL[[#This Row],[ORDER LINK]],T_DL[link],0)>0,INDEX(T_DL[d/l score],MATCH(T_MTOTAL[[#This Row],[ORDER LINK]],T_DL[link],0)),""),T_MTOTAL[[#This Row],[Total]]) -> 342 | AP8: 13 | AQ8: South Africa | AR8: JP Duminy | AS8: 7 | AT8: 0 | AU8: 39 | AV8: 0 | AW8: 5.57 | AX8: 17 | AY8: 3 | AZ8: 0 | BA8: 1 | BC8: 3 | BD8: =CONCATENATE(Table9[[#This Row],[Match Number]],Table9[[#This Row],[Team]],Table9[[#This Row],[BOWL NUM]]) -> 13South Africa3 | BE8: =IFERROR(IF(AND(Table9[[#This Row],[Team]]=I_TEAM,IFERROR(IF(MATCH(Table9[[#This Row],[Bowler]],$AR$5:AR7,0)>0,0),1)),1,0),"") | BF8: =(LEFT(Table9[[#This Row],[Overs]],IFERROR(FIND(".",Table9[[#This Row],[Overs]])-1,LEN(Table9[[#This Row],[Overs]])))*6) + IFERROR(IF(FIND(".",Table9[[#This Row],[Overs]])+1>0,RIGHT(Table9[[#This Row],[Overs]],1),0),0) -> 42 | BG8: =IF(INDEX(T_MATCHSUM[TEAM ONE],MATCH(Table9[[#This Row],[Match Number]],T_MATCHSUM[Match Number],0))=Table9[[#This Row],[Team]],INDEX(T_MATCHSUM[TEAM TWO],MATCH(Table9[[#This Row],[Match Number]],T_MATCHSUM[Match Number],0)),INDEX(T_MATCHSUM[TEAM ONE],MATCH(Table9[[#This Row],[Match Number]],T_MATCHSUM[Match Number],0))) -> INDIA | BH8: =IF(Table9[[#This Row],[Team]]=I_TEAM,Table9[[#This Row],[Wickets]]*100-Table9[[#This Row],[Runs]],0) -> #REF! | BI8: =Table9[[#This Row],[Wickets]]*100-Table9[[#This Row],[Runs]] -> -39 | BJ8: =IFERROR(IF(MATCH(Table9[[#This Row],[Bowler]],OFFSET(AR9,0,0,BOWLROWS-ROW(AR8)-ROW(Table9[[#Headers],[BOWLER CUML WICKETS]])),0)>0,0,SUMIF($AR$6:AR8,Table9[[#This Row],[Bowler]],$AV$6:AV8)),SUMIF($AR$6:AR8,Table9[[#This Row],[Bowler]],$AV$6:AV8)) -> 0 | BK8: =IFERROR(IF(MATCH(Table9[[#This Row],[Bowler]],OFFSET(AR9,0,0,BOWLROWS-ROW(AR8)-ROW(Table9[[#Headers],[BOWLER CUML WICKETS]])),0)>0,0,SUMIF($AR$6:AR8,Table9[[#This Row],[Bowler]],$AU$6:AU8)),SUMIF($AR$6:AR8,Table9[[#This Row],[Bowler]],$AU$6:AU8)) -> 0 | BL8: =Table9[[#This Row],[BOWLER CUML WICKETS]]*100-Table9[[#This Row],[BOWLER CUML RUNS]] -> 0
A9: 13 | B9: India | C9: AM Rahane | D9: lbw b Steyn | E9: 79 | F9: 90 | G9: 60 | H9: 7 | I9: 3 | J9: 131.66 | K9: 4 | L9: =CONCATENATE(T_BATTINGDATA[[#This Row],[Match]],T_BATTINGDATA[[#This Row],[Team]],T_BATTINGDATA[[#This Row],[Bat Number]]) -> 13India4 | M9: =IFERROR(IF(AND(T_BATTINGDATA[[#This Row],[Team]]=I_TEAM,IFERROR(IF(MATCH(T_BATTINGDATA[[#This Row],[BATSMAN NAME]],$O$5:O8,0)>0,0),1)),1,0),"") | N9: =IF(T_BATTINGDATA[[#This Row],[Team]]=I_TEAM,T_BATTINGDATA[[#This Row],[R]],0) -> #REF! | O9: =LEFT(T_BATTINGDATA[[#This Row],[Batsman]],IFERROR(FIND("*",T_BATTINGDATA[[#This Row],[Batsman]])-1,IFERROR(FIND("†",T_BATTINGDATA[[#This Row],[Batsman]])-1,LEN(T_BATTINGDATA[[#This Row],[Batsman]])))) -> AM Rahane | P9: =IFERROR(IF(MATCH(T_BATTINGDATA[[#This Row],[BATSMAN NAME]],OFFSET(O10,0,0,BATROWS-ROW(O9)-ROW(T_BATTINGDATA[[#Headers],[BATSMAN NAME]])),0)>0,0,SUMIF($O$6:O9,T_BATTINGDATA[[#This Row],[BATSMAN NAME]],$E$6:E9)),SUMIF($O$6:O9,T_BATTINGDATA[[#This Row],[BATSMAN NAME]],$E$6:E9)) -> 0 | R9: 4 | S9: Pakistan | T9: 1 | U9: 10 | V9: 1 | X9: 12 | Y9: =CONCATENATE(T_EXTRAS[[#This Row],[Match Number]],T_EXTRAS[[#This Row],[Team Batting]]) -> 4Pakistan | AA9: 2 | AB9: England | AC9: 10 | AD9: 231 | AE9: 5.52 | AF9: 41.5 | AG9: =T_MTOTAL[[#This Row],[Match Number]]&T_MTOTAL[[#This Row],[Team]] -> 2England | AH9: 2 | AI9: =T_MTOTAL[[#This Row],[Match Number]]&" "&T_MTOTAL[[#This Row],[ORDER]] -> 2 2 | AJ9: =IF(INDEX(T_MATCHSUM[TEAM ONE],MATCH(T_MTOTAL[[#This Row],[Match Number]],T_MATCHSUM[Match Number],0))=T_MTOTAL[[#This Row],[Team]],INDEX(T_MATCHSUM[TEAM TWO],MATCH(T_MTOTAL[[#This Row],[Match Number]],T_MATCHSUM[Match Number],0)),INDEX(T_MATCHSUM[TEAM ONE],MATCH(T_MTOTAL[[#This Row],[Match Number]],T_MATCHSUM[Match Number],0))) -> AUSTRALIA | AK9: =IF(OR(T_MTOTAL[[#This Row],[ORDER LINK]]="32 2",T_MTOTAL[[#This Row],[ORDER LINK]]="36 2"),50,IFERROR(IF(MATCH(T_MTOTAL[[#This Row],[ORDER LINK]],T_DL[link],0)>0, INDEX(T_DL[D/L Overs],MATCH(T_MTOTAL[[#This Row],[ORDER LINK]],T_DL[link],0)),IF(T_MTOTAL[[#This Row],[Wickets]]=10, 50,T_MTOTAL[[#This Row],[Overs]])),IF(T_MTOTAL[[#This Row],[Wickets]]=10, 50,T_MTOTAL[[#This Row],[Overs]]))) -> 50 | AL9: =(LEFT(T_MTOTAL[[#This Row],[Counting Overs]],IFERROR(FIND(".",T_MTOTAL[[#This Row],[Counting Overs]])-1,LEN(T_MTOTAL[[#This Row],[Counting Overs]])))*6) + IFERROR(IF(FIND(".",T_MTOTAL[[#This Row],[Counting Overs]])+1>0,RIGHT(T_MTOTAL[[#This Row],[Counting Overs]],1),0),0) -> 300 | AM9: =(LEFT(T_MTOTAL[[#This Row],[Overs]],IFERROR(FIND(".",T_MTOTAL[[#This Row],[Overs]])-1,LEN(T_MTOTAL[[#This Row],[Overs]])))*6) + IFERROR(IF(FIND(".",T_MTOTAL[[#This Row],[Overs]])+1>0,RIGHT(T_MTOTAL[[#This Row],[Overs]],1),0),0) -> 251 | AN9: =IFERROR(IF(MATCH(T_MTOTAL[[#This Row],[ORDER LINK]],T_DL[link],0)>0,INDEX(T_DL[d/l score],MATCH(T_MTOTAL[[#This Row],[ORDER LINK]],T_DL[link],0)),""),T_MTOTAL[[#This Row],[Total]]) -> 231 | AP9: 13 | AQ9: South Africa | AR9: M Morkel | AS9: 10 | AT9: 0 | AU9: 59 | AV9: 2 | AW9: 5.9 | AX9: 29 | AY9: 6 | AZ9: 1 | BC9: 4 | BD9: =CONCATENATE(Table9[[#This Row],[Match Number]],Table9[[#This Row],[Team]],Table9[[#This Row],[BOWL NUM]]) -> 13South Africa4 | BE9: =IFERROR(IF(AND(Table9[[#This Row],[Team]]=I_TEAM,IFERROR(IF(MATCH(Table9[[#This Row],[Bowler]],$AR$5:AR8,0)>0,0),1)),1,0),"") | BF9: =(LEFT(Table9[[#This Row],[Overs]],IFERROR(FIND(".",Table9[[#This Row],[Overs]])-1,LEN(Table9[[#This Row],[Overs]])))*6) + IFERROR(IF(FIND(".",Table9[[#This Row],[Overs]])+1>0,RIGHT(Table9[[#This Row],[Overs]],1),0),0) -> 60 | BG9: =IF(INDEX(T_MATCHSUM[TEAM ONE],MATCH(Table9[[#This Row],[Match Number]],T_MATCHSUM[Match Number],0))=Table9[[#This Row],[Team]],INDEX(T_MATCHSUM[TEAM TWO],MATCH(Table9[[#This Row],[Match Number]],T_MATCHSUM[Match Number],0)),INDEX(T_MATCHSUM[TEAM ONE],MATCH(Table9[[#This Row],[Match Number]],T_MATCHSUM[Match Number],0))) -> INDIA | BH9: =IF(Table9[[#This Row],[Team]]=I_TEAM,Table9[[#This Row],[Wickets]]*100-Table9[[#This Row],[Runs]],0) -> #REF! | BI9: =Table9[[#This Row],[Wickets]]*100-Table9[[#This Row],[Runs]] -> 141 | BJ9: =IFERROR(IF(MATCH(Table9[[#This Row],[Bowler]],OFFSET(AR10,0,0,BOWLROWS-ROW(AR9)-ROW(Table9[[#Headers],[BOWLER CUML WICKETS]])),0)>0,0,SUMIF($AR$6:AR9,Table9[[#This Row],[Bowler]],$AV$6:AV9)),SUMIF($AR$6:AR9,Table9[[#This Row],[Bowler]],$AV$6:AV9)) -> 0 | BK9: =IFERROR(IF(MATCH(Table9[[#This Row],[Bowler]],OFFSET(AR10,0,0,BOWLROWS-ROW(AR9)-ROW(Table9[[#Headers],[BOWLER CUML WICKETS]])),0)>0,0,SUMIF($AR$6:AR9,Table9[[#This Row],[Bowler]],$AU$6:AU9)),SUMIF($AR$6:AR9,Table9[[#This Row],[Bowler]],$AU$6:AU9)) -> 0 | BL9: =Table9[[#This Row],[BOWLER CUML WICKETS]]*100-Table9[[#This Row],[BOWLER CUML RUNS]] -> 0
A10: 13 | B10: India | C10: SK Raina | D10: c sub (RR Rossouw) b Morkel | E10: 6 | F10: 6 | G10: 5 | H10: 1 | I10: 0 | J10: 120 | K10: 5 | L10: =CONCATENATE(T_BATTINGDATA[[#This Row],[Match]],T_BATTINGDATA[[#This Row],[Team]],T_BATTINGDATA[[#This Row],[Bat Number]]) -> 13India5 | M10: =IFERROR(IF(AND(T_BATTINGDATA[[#This Row],[Team]]=I_TEAM,IFERROR(IF(MATCH(T_BATTINGDATA[[#This Row],[BATSMAN NAME]],$O$5:O9,0)>0,0),1)),1,0),"") | N10: =IF(T_BATTINGDATA[[#This Row],[Team]]=I_TEAM,T_BATTINGDATA[[#This Row],[R]],0) -> #REF! | O10: =LEFT(T_BATTINGDATA[[#This Row],[Batsman]],IFERROR(FIND("*",T_BATTINGDATA[[#This Row],[Batsman]])-1,IFERROR(FIND("†",T_BATTINGDATA[[#This Row],[Batsman]])-1,LEN(T_BATTINGDATA[[#This Row],[Batsman]])))) -> SK Raina | P10: =IFERROR(IF(MATCH(T_BATTINGDATA[[#This Row],[BATSMAN NAME]],OFFSET(O11,0,0,BATROWS-ROW(O10)-ROW(T_BATTINGDATA[[#Headers],[BATSMAN NAME]])),0)>0,0,SUMIF($O$6:O10,T_BATTINGDATA[[#This Row],[BATSMAN NAME]],$E$6:E10)),SUMIF($O$6:O10,T_BATTINGDATA[[#This Row],[BATSMAN NAME]],$E$6:E10)) -> 0 | R10: 39 | S10: Zimbabwe | T10: 2 | U10: 7 | X10: 9 | Y10: =CONCATENATE(T_EXTRAS[[#This Row],[Match Number]],T_EXTRAS[[#This Row],[Team Batting]]) -> 39Zimbabwe | AA10: 3 | AB10: South Africa | AC10: 4 | AD10: 339 | AE10: 6.78 | AF10: 50 | AG10: =T_MTOTAL[[#This Row],[Match Number]]&T_MTOTAL[[#This Row],[Team]] -> 3South Africa | AH10: 1 | AI10: =T_MTOTAL[[#This Row],[Match Number]]&" "&T_MTOTAL[[#This Row],[ORDER]] -> 3 1 | AJ10: =IF(INDEX(T_MATCHSUM[TEAM ONE],MATCH(T_MTOTAL[[#This Row],[Match Number]],T_MATCHSUM[Match Number],0))=T_MTOTAL[[#This Row],[Team]],INDEX(T_MATCHSUM[TEAM TWO],MATCH(T_MTOTAL[[#This Row],[Match Number]],T_MATCHSUM[Match Number],0)),INDEX(T_MATCHSUM[TEAM ONE],MATCH(T_MTOTAL[[#This Row],[Match Number]],T_MATCHSUM[Match Number],0))) -> ZIMBABWE | AK10: =IF(OR(T_MTOTAL[[#This Row],[ORDER LINK]]="32 2",T_MTOTAL[[#This Row],[ORDER LINK]]="36 2"),50,IFERROR(IF(MATCH(T_MTOTAL[[#This Row],[ORDER LINK]],T_DL[link],0)>0, INDEX(T_DL[D/L Overs],MATCH(T_MTOTAL[[#This Row],[ORDER LINK]],T_DL[link],0)),IF(T_MTOTAL[[#This Row],[Wickets]]=10, 50,T_MTOTAL[[#This Row],[Overs]])),IF(T_MTOTAL[[#This Row],[Wickets]]=10, 50,T_MTOTAL[[#This Row],[Overs]]))) -> 50 | AL10: =(LEFT(T_MTOTAL[[#This Row],[Counting Overs]],IFERROR(FIND(".",T_MTOTAL[[#This Row],[Counting Overs]])-1,LEN(T_MTOTAL[[#This Row],[Counting Overs]])))*6) + IFERROR(IF(FIND(".",T_MTOTAL[[#This Row],[Counting Overs]])+1>0,RIGHT(T_MTOTAL[[#This Row],[Counting Overs]],1),0),0) -> 300 | AM10: =(LEFT(T_MTOTAL[[#This Row],[Overs]],IFERROR(FIND(".",T_MTOTAL[[#This Row],[Overs]])-1,LEN(T_MTOTAL[[#This Row],[Overs]])))*6) + IFERROR(IF(FIND(".",T_MTOTAL[[#This Row],[Overs]])+1>0,RIGHT(T_MTOTAL[[#This Row],[Overs]],1),0),0) -> 300 | AN10: =IFERROR(IF(MATCH(T_MTOTAL[[#This Row],[ORDER LINK]],T_DL[link],0)>0,INDEX(T_DL[d/l score],MATCH(T_MTOTAL[[#This Row],[ORDER LINK]],T_DL[link],0)),""),T_MTOTAL[[#This Row],[Total]]) -> 339 | AP10: 13 | AQ10: South Africa | AR10: Imran Tahir | AS10: 10 | AT10: 0 | AU10: 48 | AV10: 1 | AW10: 4.8 | AX10: 26 | AY10: 2 | AZ10: 1 | BA10: 1 | BC10: 5 | BD10: =CONCATENATE(Table9[[#This Row],[Match Number]],Table9[[#This Row],[Team]],Table9[[#This Row],[BOWL NUM]]) -> 13South Africa5 | BE10: =IFERROR(IF(AND(Table9[[#This Row],[Team]]=I_TEAM,IFERROR(IF(MATCH(Table9[[#This Row],[Bowler]],$AR$5:AR9,0)>0,0),1)),1,0),"") | BF10: =(LEFT(Table9[[#This Row],[Overs]],IFERROR(FIND(".",Table9[[#This Row],[Overs]])-1,LEN(Table9[[#This Row],[Overs]])))*6) + IFERROR(IF(FIND(".",Table9[[#This Row],[Overs]])+1>0,RIGHT(Table9[[#This Row],[Overs]],1),0),0) -> 60 | BG10: =IF(INDEX(T_MATCHSUM[TEAM ONE],MATCH(Table9[[#This Row],[Match Number]],T_MATCHSUM[Match Number],0))=Table9[[#This Row],[Team]],INDEX(T_MATCHSUM[TEAM TWO],MATCH(Table9[[#This Row],[Match Number]],T_MATCHSUM[Match Number],0)),INDEX(T_MATCHSUM[TEAM ONE],MATCH(Table9[[#This Row],[Match Number]],T_MATCHSUM[Match Number],0))) -> INDIA | BH10: =IF(Table9[[#This Row],[Team]]=I_TEAM,Table9[[#This Row],[Wickets]]*100-Table9[[#This Row],[Runs]],0) -> #REF! | BI10: =Table9[[#This Row],[Wickets]]*100-Table9[[#This Row],[Runs]] -> 52 | BJ10: =IFERROR(IF(MATCH(Table9[[#This Row],[Bowler]],OFFSET(AR11,0,0,BOWLROWS-ROW(AR10)-ROW(Table9[[#Headers],[BOWLER CUML WICKETS]])),0)>0,0,SUMIF($AR$6:AR10,Table9[[#This Row],[Bowler]],$AV$6:AV10)),SUMIF($AR$6:AR10,Table9[[#This Row],[Bowler]],$AV$6:AV10)) -> 0 | BK10: =IFERROR(IF(MATCH(Table9[[#This Row],[Bowler]],OFFSET(AR11,0,0,BOWLROWS-ROW(AR10)-ROW(Table9[[#Headers],[BOWLER CUML WICKETS]])),0)>0,0,SUMIF($AR$6:AR10,Table9[[#This Row],[Bowler]],$AU$6:AU10)),SUMIF($AR$6:AR10,Table9[[#This Row],[Bowler]],$AU$6:AU10)) -> 0 | BL10: =Table9[[#This Row],[BOWLER CUML WICKETS]]*100-Table9[[#This Row],[BOWLER CUML RUNS]] -> 0
A11: 13 | B11: India | C11: MS Dhoni*† | D11: c †de Kock b Morkel | E11: 18 | F11: 22 | G11: 11 | H11: 3 | I11: 0 | J11: 163.63 | K11: 6 | L11: =CONCATENATE(T_BATTINGDATA[[#This Row],[Match]],T_BATTINGDATA[[#This Row],[Team]],T_BATTINGDATA[[#This Row],[Bat Number]]) -> 13India6 | M11: =IFERROR(IF(AND(T_BATTINGDATA[[#This Row],[Team]]=I_TEAM,IFERROR(IF(MATCH(T_BATTINGDATA[[#This Row],[BATSMAN NAME]],$O$5:O10,0)>0,0),1)),1,0),"") | N11: =IF(T_BATTINGDATA[[#This Row],[Team]]=I_TEAM,T_BATTINGDATA[[#This Row],[R]],0) -> #REF! | O11: =LEFT(T_BATTINGDATA[[#This Row],[Batsman]],IFERROR(FIND("*",T_BATTINGDATA[[#This Row],[Batsman]])-1,IFERROR(FIND("†",T_BATTINGDATA[[#This Row],[Batsman]])-1,LEN(T_BATTINGDATA[[#This Row],[Batsman]])))) -> MS Dhoni | P11: =IFERROR(IF(MATCH(T_BATTINGDATA[[#This Row],[BATSMAN NAME]],OFFSET(O12,0,0,BATROWS-ROW(O11)-ROW(T_BATTINGDATA[[#Headers],[BATSMAN NAME]])),0)>0,0,SUMIF($O$6:O11,T_BATTINGDATA[[#This Row],[BATSMAN NAME]],$E$6:E11)),SUMIF($O$6:O11,T_BATTINGDATA[[#This Row],[BATSMAN NAME]],$E$6:E11)) -> 0 | R11: 39 | S11: India | T11: 2 | U11: 12 | V11: 1 | W11: 1 | X11: 16 | Y11: =CONCATENATE(T_EXTRAS[[#This Row],[Match Number]],T_EXTRAS[[#This Row],[Team Batting]]) -> 39India | AA11: 3 | AB11: Zimbabwe | AC11: 10 | AD11: 277 | AE11: 5.73 | AF11: 48.2 | AG11: =T_MTOTAL[[#This Row],[Match Number]]&T_MTOTAL[[#This Row],[Team]] -> 3Zimbabwe | AH11: 2 | AI11: =T_MTOTAL[[#This Row],[Match Number]]&" "&T_MTOTAL[[#This Row],[ORDER]] -> 3 2 | AJ11: =IF(INDEX(T_MATCHSUM[TEAM ONE],MATCH(T_MTOTAL[[#This Row],[Match Number]],T_MATCHSUM[Match Number],0))=T_MTOTAL[[#This Row],[Team]],INDEX(T_MATCHSUM[TEAM TWO],MATCH(T_MTOTAL[[#This Row],[Match Number]],T_MATCHSUM[Match Number],0)),INDEX(T_MATCHSUM[TEAM ONE],MATCH(T_MTOTAL[[#This Row],[Match Number]],T_MATCHSUM[Match Number],0))) -> SOUTH AFRICA | AK11: =IF(OR(T_MTOTAL[[#This Row],[ORDER LINK]]="32 2",T_MTOTAL[[#This Row],[ORDER LINK]]="36 2"),50,IFERROR(IF(MATCH(T_MTOTAL[[#This Row],[ORDER LINK]],T_DL[link],0)>0, INDEX(T_DL[D/L Overs],MATCH(T_MTOTAL[[#This Row],[ORDER LINK]],T_DL[link],0)),IF(T_MTOTAL[[#This Row],[Wickets]]=10, 50,T_MTOTAL[[#This Row],[Overs]])),IF(T_MTOTAL[[#This Row],[Wickets]]=10, 50,T_MTOTAL[[#This Row],[Overs]]))) -> 50 | AL11: =(LEFT(T_MTOTAL[[#This Row],[Counting Overs]],IFERROR(FIND(".",T_MTOTAL[[#This Row],[Counting Overs]])-1,LEN(T_MTOTAL[[#This Row],[Counting Overs]])))*6) + IFERROR(IF(FIND(".",T_MTOTAL[[#This Row],[Counting Overs]])+1>0,RIGHT(T_MTOTAL[[#This Row],[Counting Overs]],1),0),0) -> 300 | AM11: =(LEFT(T_MTOTAL[[#This Row],[Overs]],IFERROR(FIND(".",T_MTOTAL[[#This Row],[Overs]])-1,LEN(T_MTOTAL[[#This Row],[Overs]])))*6) + IFERROR(IF(FIND(".",T_MTOTAL[[#This Row],[Overs]])+1>0,RIGHT(T_MTOTAL[[#This Row],[Overs]],1),0),0) -> 290 | AN11: =IFERROR(IF(MATCH(T_MTOTAL[[#This Row],[ORDER LINK]],T_DL[link],0)>0,INDEX(T_DL[d/l score],MATCH(T_MTOTAL[[#This Row],[ORDER LINK]],T_DL[link],0)),""),T_MTOTAL[[#This Row],[Total]]) -> 277 | AP11: 13 | AQ11: South Africa | AR11: WD Parnell | AS11: 9 | AT11: 0 | AU11: 85 | AV11: 1 | AW11: 9.44 | AX11: 21 | AY11: 11 | AZ11: 1 | BA11: 4 | BB11: 2 | BC11: 6 | BD11: =CONCATENATE(Table9[[#This Row],[Match Number]],Table9[[#This Row],[Team]],Table9[[#This Row],[BOWL NUM]]) -> 13South Africa6 | BE11: =IFERROR(IF(AND(Table9[[#This Row],[Team]]=I_TEAM,IFERROR(IF(MATCH(Table9[[#This Row],[Bowler]],$AR$5:AR10,0)>0,0),1)),1,0),"") | BF11: =(LEFT(Table9[[#This Row],[Overs]],IFERROR(FIND(".",Table9[[#This Row],[Overs]])-1,LEN(Table9[[#This Row],[Overs]])))*6) + IFERROR(IF(FIND(".",Table9[[#This Row],[Overs]])+1>0,RIGHT(Table9[[#This Row],[Overs]],1),0),0) -> 54 | BG11: =IF(INDEX(T_MATCHSUM[TEAM ONE],MATCH(Table9[[#This Row],[Match Number]],T_MATCHSUM[Match Number],0))=Table9[[#This Row],[Team]],INDEX(T_MATCHSUM[TEAM TWO],MATCH(Table9[[#This Row],[Match Number]],T_MATCHSUM[Match Number],0)),INDEX(T_MATCHSUM[TEAM ONE],MATCH(Table9[[#This Row],[Match Number]],T_MATCHSUM[Match Number],0))) -> INDIA | BH11: =IF(Table9[[#This Row],[Team]]=I_TEAM,Table9[[#This Row],[Wickets]]*100-Table9[[#This Row],[Runs]],0) -> #REF! | BI11: =Table9[[#This Row],[Wickets]]*100-Table9[[#This Row],[Runs]] -> 15 | BJ11: =IFERROR(IF(MATCH(Table9[[#This Row],[Bowler]],OFFSET(AR12,0,0,BOWLROWS-ROW(AR11)-ROW(Table9[[#Headers],[BOWLER CUML WICKETS]])),0)>0,0,SUMIF($AR$6:AR11,Table9[[#This Row],[Bowler]],$AV$6:AV11)),SUMIF($AR$6:AR11,Table9[[#This Row],[Bowler]],$AV$6:AV11)) -> 1 | BK11: =IFERROR(IF(MATCH(Table9[[#This Row],[Bowler]],OFFSET(AR12,0,0,BOWLROWS-ROW(AR11)-ROW(Table9[[#Headers],[BOWLER CUML WICKETS]])),0)>0,0,SUMIF($AR$6:AR11,Table9[[#This Row],[Bowler]],$AU$6:AU11)),SUMIF($AR$6:AR11,Table9[[#This Row],[Bowler]],$AU$6:AU11)) -> 85 | BL11: =Table9[[#This Row],[BOWLER CUML WICKETS]]*100-Table9[[#This Row],[BOWLER CUML RUNS]] -> 15
A12: 13 | B12: India | C12: RA Jadeja | D12: run out (de Villiers) | E12: 2 | F12: 4 | G12: 4 | H12: 0 | I12: 0 | J12: 50 | K12: 7 | L12: =CONCATENATE(T_BATTINGDATA[[#This Row],[Match]],T_BATTINGDATA[[#This Row],[Team]],T_BATTINGDATA[[#This Row],[Bat Number]]) -> 13India7 | M12: =IFERROR(IF(AND(T_BATTINGDATA[[#This Row],[Team]]=I_TEAM,IFERROR(IF(MATCH(T_BATTINGDATA[[#This Row],[BATSMAN NAME]],$O$5:O11,0)>0,0),1)),1,0),"") | N12: =IF(T_BATTINGDATA[[#This Row],[Team]]=I_TEAM,T_BATTINGDATA[[#This Row],[R]],0) -> #REF! | O12: =LEFT(T_BATTINGDATA[[#This Row],[Batsman]],IFERROR(FIND("*",T_BATTINGDATA[[#This Row],[Batsman]])-1,IFERROR(FIND("†",T_BATTINGDATA[[#This Row],[Batsman]])-1,LEN(T_BATTINGDATA[[#This Row],[Batsman]])))) -> RA Jadeja | P12: =IFERROR(IF(MATCH(T_BATTINGDATA[[#This Row],[BATSMAN NAME]],OFFSET(O13,0,0,BATROWS-ROW(O12)-ROW(T_BATTINGDATA[[#Headers],[BATSMAN NAME]])),0)>0,0,SUMIF($O$6:O12,T_BATTINGDATA[[#This Row],[BATSMAN NAME]],$E$6:E12)),SUMIF($O$6:O12,T_BATTINGDATA[[#This Row],[BATSMAN NAME]],$E$6:E12)) -> 0 | R12: 21 | S12: UAE | T12: 4 | U12: 9 | X12: 13 | Y12: =CONCATENATE(T_EXTRAS[[#This Row],[Match Number]],T_EXTRAS[[#This Row],[Team Batting]]) -> 21UAE | AA12: 4 | AB12: India | AC12: 7 | AD12: 300 | AE12: 6 | AF12: 50 | AG12: =T_MTOTAL[[#This Row],[Match Number]]&T_MTOTAL[[#This Row],[Team]] -> 4India | AH12: 1 | AI12: =T_MTOTAL[[#This Row],[Match Number]]&" "&T_MTOTAL[[#This Row],[ORDER]] -> 4 1 | AJ12: =IF(INDEX(T_MATCHSUM[TEAM ONE],MATCH(T_MTOTAL[[#This Row],[Match Number]],T_MATCHSUM[Match Number],0))=T_MTOTAL[[#This Row],[Team]],INDEX(T_MATCHSUM[TEAM TWO],MATCH(T_MTOTAL[[#This Row],[Match Number]],T_MATCHSUM[Match Number],0)),INDEX(T_MATCHSUM[TEAM ONE],MATCH(T_MTOTAL[[#This Row],[Match Number]],T_MATCHSUM[Match Number],0))) -> PAKISTAN | AK12: =IF(OR(T_MTOTAL[[#This Row],[ORDER LINK]]="32 2",T_MTOTAL[[#This Row],[ORDER LINK]]="36 2"),50,IFERROR(IF(MATCH(T_MTOTAL[[#This Row],[ORDER LINK]],T_DL[link],0)>0, INDEX(T_DL[D/L Overs],MATCH(T_MTOTAL[[#This Row],[ORDER LINK]],T_DL[link],0)),IF(T_MTOTAL[[#This Row],[Wickets]]=10, 50,T_MTOTAL[[#This Row],[Overs]])),IF(T_MTOTAL[[#This Row],[Wickets]]=10, 50,T_MTOTAL[[#This Row],[Overs]]))) -> 50 | AL12: =(LEFT(T_MTOTAL[[#This Row],[Counting Overs]],IFERROR(FIND(".",T_MTOTAL[[#This Row],[Counting Overs]])-1,LEN(T_MTOTAL[[#This Row],[Counting Overs]])))*6) + IFERROR(IF(FIND(".",T_MTOTAL[[#This Row],[Counting Overs]])+1>0,RIGHT(T_MTOTAL[[#This Row],[Counting Overs]],1),0),0) -> 300 | AM12: =(LEFT(T_MTOTAL[[#This Row],[Overs]],IFERROR(FIND(".",T_MTOTAL[[#This Row],[Overs]])-1,LEN(T_MTOTAL[[#This Row],[Overs]])))*6) + IFERROR(IF(FIND(".",T_MTOTAL[[#This Row],[Overs]])+1>0,RIGHT(T_MTOTAL[[#This Row],[Overs]],1),0),0) -> 300 | AN12: =IFERROR(IF(MATCH(T_MTOTAL[[#This Row],[ORDER LINK]],T_DL[link],0)>0,INDEX(T_DL[d/l score],MATCH(T_MTOTAL[[#This Row],[ORDER LINK]],T_DL[link],0)),""),T_MTOTAL[[#This Row],[Total]]) -> 300 | AP12: 13 | AQ12: India | AR12: UT Yadav | AS12: 6 | AT12: 0 | AU12: 34 | AV12: 0 | AW12: 5.66 | AX12: 20 | AY12: 4 | AZ12: 0 | BA12: 1 | BC12: 1 | BD12: =CONCATENATE(Table9[[#This Row],[Match Number]],Table9[[#This Row],[Team]],Table9[[#This Row],[BOWL NUM]]) -> 13India1 | BE12: =IFERROR(IF(AND(Table9[[#This Row],[Team]]=I_TEAM,IFERROR(IF(MATCH(Table9[[#This Row],[Bowler]],$AR$5:AR11,0)>0,0),1)),1,0),"") | BF12: =(LEFT(Table9[[#This Row],[Overs]],IFERROR(FIND(".",Table9[[#This Row],[Overs]])-1,LEN(Table9[[#This Row],[Overs]])))*6) + IFERROR(IF(FIND(".",Table9[[#This Row],[Overs]])+1>0,RIGHT(Table9[[#This Row],[Overs]],1),0),0) -> 36 | BG12: =IF(INDEX(T_MATCHSUM[TEAM ONE],MATCH(Table9[[#This Row],[Match Number]],T_MATCHSUM[Match Number],0))=Table9[[#This Row],[Team]],INDEX(T_MATCHSUM[TEAM TWO],MATCH(Table9[[#This Row],[Match Number]],T_MATCHSUM[Match Number],0)),INDEX(T_MATCHSUM[TEAM ONE],MATCH(Table9[[#This Row],[Match Number]],T_MATCHSUM[Match Number],0))) -> SOUTH AFRICA | BH12: =IF(Table9[[#This Row],[Team]]=I_TEAM,Table9[[#This Row],[Wickets]]*100-Table9[[#This Row],[Runs]],0) -> #REF! | BI12: =Table9[[#This Row],[Wickets]]*100-Table9[[#This Row],[Runs]] -> -34 | BJ12: =IFERROR(IF(MATCH(Table9[[#This Row],[Bowler]],OFFSET(AR13,0,0,BOWLROWS-ROW(AR12)-ROW(Table9[[#Headers],[BOWLER CUML WICKETS]])),0)>0,0,SUMIF($AR$6:AR12,Table9[[#This Row],[Bowler]],$AV$6:AV12)),SUMIF($AR$6:AR12,Table9[[#This Row],[Bowler]],$AV$6:AV12)) -> 0 | BK12: =IFERROR(IF(MATCH(Table9[[#This Row],[Bowler]],OFFSET(AR13,0,0,BOWLROWS-ROW(AR12)-ROW(Table9[[#Headers],[BOWLER CUML WICKETS]])),0)>0,0,SUMIF($AR$6:AR12,Table9[[#This Row],[Bowler]],$AU$6:AU12)),SUMIF($AR$6:AR12,Table9[[#This Row],[Bowler]],$AU$6:AU12)) -> 0 | BL12: =Table9[[#This Row],[BOWLER CUML WICKETS]]*100-Table9[[#This Row],[BOWLER CUML RUNS]] -> 0
A13: 13 | B13: India | C13: R Ashwin | D13: not out | E13: 5 | F13: 14 | G13: 5 | H13: 0 | I13: 0 | J13: 100 | K13: 8 | L13: =CONCATENATE(T_BATTINGDATA[[#This Row],[Match]],T_BATTINGDATA[[#This Row],[Team]],T_BATTINGDATA[[#This Row],[Bat Number]]) -> 13India8 | M13: =IFERROR(IF(AND(T_BATTINGDATA[[#This Row],[Team]]=I_TEAM,IFERROR(IF(MATCH(T_BATTINGDATA[[#This Row],[BATSMAN NAME]],$O$5:O12,0)>0,0),1)),1,0),"") | N13: =IF(T_BATTINGDATA[[#This Row],[Team]]=I_TEAM,T_BATTINGDATA[[#This Row],[R]],0) -> #REF! | O13: =LEFT(T_BATTINGDATA[[#This Row],[Batsman]],IFERROR(FIND("*",T_BATTINGDATA[[#This Row],[Batsman]])-1,IFERROR(FIND("†",T_BATTINGDATA[[#This Row],[Batsman]])-1,LEN(T_BATTINGDATA[[#This Row],[Batsman]])))) -> R Ashwin | P13: =IFERROR(IF(MATCH(T_BATTINGDATA[[#This Row],[BATSMAN NAME]],OFFSET(O14,0,0,BATROWS-ROW(O13)-ROW(T_BATTINGDATA[[#Headers],[BATSMAN NAME]])),0)>0,0,SUMIF($O$6:O13,T_BATTINGDATA[[#This Row],[BATSMAN NAME]],$E$6:E13)),SUMIF($O$6:O13,T_BATTINGDATA[[#This Row],[BATSMAN NAME]],$E$6:E13)) -> 0 | R13: 21 | S13: India | T13: 0 | U13: 0 | V13: 0 | W13: 0 | X13: 0 | Y13: =CONCATENATE(T_EXTRAS[[#This Row],[Match Number]],T_EXTRAS[[#This Row],[Team Batting]]) -> 21India | AA13: 4 | AB13: Pakistan | AC13: 10 | AD13: 224 | AE13: 4.76 | AF13: 47 | AG13: =T_MTOTAL[[#This Row],[Match Number]]&T_MTOTAL[[#This Row],[Team]] -> 4Pakistan | AH13: 2 | AI13: =T_MTOTAL[[#This Row],[Match Number]]&" "&T_MTOTAL[[#This Row],[ORDER]] -> 4 2 | AJ13: =IF(INDEX(T_MATCHSUM[TEAM ONE],MATCH(T_MTOTAL[[#This Row],[Match Number]],T_MATCHSUM[Match Number],0))=T_MTOTAL[[#This Row],[Team]],INDEX(T_MATCHSUM[TEAM TWO],MATCH(T_MTOTAL[[#This Row],[Match Number]],T_MATCHSUM[Match Number],0)),INDEX(T_MATCHSUM[TEAM ONE],MATCH(T_MTOTAL[[#This Row],[Match Number]],T_MATCHSUM[Match Number],0))) -> INDIA | AK13: =IF(OR(T_MTOTAL[[#This Row],[ORDER LINK]]="32 2",T_MTOTAL[[#This Row],[ORDER LINK]]="36 2"),50,IFERROR(IF(MATCH(T_MTOTAL[[#This Row],[ORDER LINK]],T_DL[link],0)>0, INDEX(T_DL[D/L Overs],MATCH(T_MTOTAL[[#This Row],[ORDER LINK]],T_DL[link],0)),IF(T_MTOTAL[[#This Row],[Wickets]]=10, 50,T_MTOTAL[[#This Row],[Overs]])),IF(T_MTOTAL[[#This Row],[Wickets]]=10, 50,T_MTOTAL[[#This Row],[Overs]]))) -> 50 | AL13: =(LEFT(T_MTOTAL[[#This Row],[Counting Overs]],IFERROR(FIND(".",T_MTOTAL[[#This Row],[Counting Overs]])-1,LEN(T_MTOTAL[[#This Row],[Counting Overs]])))*6) + IFERROR(IF(FIND(".",T_MTOTAL[[#This Row],[Counting Overs]])+1>0,RIGHT(T_MTOTAL[[#This Row],[Counting Overs]],1),0),0) -> 300 | AM13: =(LEFT(T_MTOTAL[[#This Row],[Overs]],IFERROR(FIND(".",T_MTOTAL[[#This Row],[Overs]])-1,LEN(T_MTOTAL[[#This Row],[Overs]])))*6) + IFERROR(IF(FIND(".",T_MTOTAL[[#This Row],[Overs]])+1>0,RIGHT(T_MTOTAL[[#This Row],[Overs]],1),0),0) -> 282 | AN13: =IFERROR(IF(MATCH(T_MTOTAL[[#This Row],[ORDER LINK]],T_DL[link],0)>0,INDEX(T_DL[d/l score],MATCH(T_MTOTAL[[#This Row],[ORDER LINK]],T_DL[link],0)),""),T_MTOTAL[[#This Row],[Total]]) -> 224 | AP13: 13 | AQ13: India | AR13: Mohammed Shami | AS13: 8 | AT13: 1 | AU13: 30 | AV13: 2 | AW13: 3.75 | AX13: 30 | AY13: 2 | AZ13: 0 | BA13: 2 | BC13: 2 | BD13: =CONCATENATE(Table9[[#This Row],[Match Number]],Table9[[#This Row],[Team]],Table9[[#This Row],[BOWL NUM]]) -> 13India2 | BE13: =IFERROR(IF(AND(Table9[[#This Row],[Team]]=I_TEAM,IFERROR(IF(MATCH(Table9[[#This Row],[Bowler]],$AR$5:AR12,0)>0,0),1)),1,0),"") | BF13: =(LEFT(Table9[[#This Row],[Overs]],IFERROR(FIND(".",Table9[[#This Row],[Overs]])-1,LEN(Table9[[#This Row],[Overs]])))*6) + IFERROR(IF(FIND(".",Table9[[#This Row],[Overs]])+1>0,RIGHT(Table9[[#This Row],[Overs]],1),0),0) -> 48 | BG13: =IF(INDEX(T_MATCHSUM[TEAM ONE],MATCH(Table9[[#This Row],[Match Number]],T_MATCHSUM[Match Number],0))=Table9[[#This Row],[Team]],INDEX(T_MATCHSUM[TEAM TWO],MATCH(Table9[[#This Row],[Match Number]],T_MATCHSUM[Match Number],0)),INDEX(T_MATCHSUM[TEAM ONE],MATCH(Table9[[#This Row],[Match Number]],T_MATCHSUM[Match Number],0))) -> SOUTH AFRICA | BH13: =IF(Table9[[#This Row],[Team]]=I_TEAM,Table9[[#This Row],[Wickets]]*100-Table9[[#This Row],[Runs]],0) -> #REF! | BI13: =Table9[[#This Row],[Wickets]]*100-Table9[[#This Row],[Runs]] -> 170 | BJ13: =IFERROR(IF(MATCH(Table9[[#This Row],[Bowler]],OFFSET(AR14,0,0,BOWLROWS-ROW(AR13)-ROW(Table9[[#Headers],[BOWLER CUML WICKETS]])),0)>0,0,SUMIF($AR$6:AR13,Table9[[#This Row],[Bowler]],$AV$6:AV13)),SUMIF($AR$6:AR13,Table9[[#This Row],[Bowler]],$AV$6:AV13)) -> 0 | BK13: =IFERROR(IF(MATCH(Table9[[#This Row],[Bowler]],OFFSET(AR14,0,0,BOWLROWS-ROW(AR13)-ROW(Table9[[#Headers],[BOWLER CUML WICKETS]])),0)>0,0,SUMIF($AR$6:AR13,Table9[[#This Row],[Bowler]],$AU$6:AU13)),SUMIF($AR$6:AR13,Table9[[#This Row],[Bowler]],$AU$6:AU13)) -> 0 | BL13: =Table9[[#This Row],[BOWLER CUML WICKETS]]*100-Table9[[#This Row],[BOWLER CUML RUNS]] -> 0
A14: 13 | B14: India | C14: Mohammed Shami | D14: not out | E14: 4 | F14: 5 | G14: 5 | H14: 1 | I14: 0 | J14: 80 | K14: 9 | L14: =CONCATENATE(T_BATTINGDATA[[#This Row],[Match]],T_BATTINGDATA[[#This Row],[Team]],T_BATTINGDATA[[#This Row],[Bat Number]]) -> 13India9 | M14: =IFERROR(IF(AND(T_BATTINGDATA[[#This Row],[Team]]=I_TEAM,IFERROR(IF(MATCH(T_BATTINGDATA[[#This Row],[BATSMAN NAME]],$O$5:O13,0)>0,0),1)),1,0),"") | N14: =IF(T_BATTINGDATA[[#This Row],[Team]]=I_TEAM,T_BATTINGDATA[[#This Row],[R]],0) -> #REF! | O14: =LEFT(T_BATTINGDATA[[#This Row],[Batsman]],IFERROR(FIND("*",T_BATTINGDATA[[#This Row],[Batsman]])-1,IFERROR(FIND("†",T_BATTINGDATA[[#This Row],[Batsman]])-1,LEN(T_BATTINGDATA[[#This Row],[Batsman]])))) -> Mohammed Shami | P14: =IFERROR(IF(MATCH(T_BATTINGDATA[[#This Row],[BATSMAN NAME]],OFFSET(O15,0,0,BATROWS-ROW(O14)-ROW(T_BATTINGDATA[[#Headers],[BATSMAN NAME]])),0)>0,0,SUMIF($O$6:O14,T_BATTINGDATA[[#This Row],[BATSMAN NAME]],$E$6:E14)),SUMIF($O$6:O14,T_BATTINGDATA[[#This Row],[BATSMAN NAME]],$E$6:E14)) -> 0 | R14: 34 | S14: Ireland | T14: 2 | U14: 9 | X14: 11 | Y14: =CONCATENATE(T_EXTRAS[[#This Row],[Match Number]],T_EXTRAS[[#This Row],[Team Batting]]) -> 34Ireland | AA14: 5 | AB14: West Indies | AC14: 7 | AD14: 304 | AE14: 6.08 | AF14: 50 | AG14: =T_MTOTAL[[#This Row],[Match Number]]&T_MTOTAL[[#This Row],[Team]] -> 5West Indies | AH14: 1 | AI14: =T_MTOTAL[[#This Row],[Match Number]]&" "&T_MTOTAL[[#This Row],[ORDER]] -> 5 1 | AJ14: =IF(INDEX(T_MATCHSUM[TEAM ONE],MATCH(T_MTOTAL[[#This Row],[Match Number]],T_MATCHSUM[Match Number],0))=T_MTOTAL[[#This Row],[Team]],INDEX(T_MATCHSUM[TEAM TWO],MATCH(T_MTOTAL[[#This Row],[Match Number]],T_MATCHSUM[Match Number],0)),INDEX(T_MATCHSUM[TEAM ONE],MATCH(T_MTOTAL[[#This Row],[Match Number]],T_MATCHSUM[Match Number],0))) -> IRELAND | AK14: =IF(OR(T_MTOTAL[[#This Row],[ORDER LINK]]="32 2",T_MTOTAL[[#This Row],[ORDER LINK]]="36 2"),50,IFERROR(IF(MATCH(T_MTOTAL[[#This Row],[ORDER LINK]],T_DL[link],0)>0, INDEX(T_DL[D/L Overs],MATCH(T_MTOTAL[[#This Row],[ORDER LINK]],T_DL[link],0)),IF(T_MTOTAL[[#This Row],[Wickets]]=10, 50,T_MTOTAL[[#This Row],[Overs]])),IF(T_MTOTAL[[#This Row],[Wickets]]=10, 50,T_MTOTAL[[#This Row],[Overs]]))) -> 50 | AL14: =(LEFT(T_MTOTAL[[#This Row],[Counting Overs]],IFERROR(FIND(".",T_MTOTAL[[#This Row],[Counting Overs]])-1,LEN(T_MTOTAL[[#This Row],[Counting Overs]])))*6) + IFERROR(IF(FIND(".",T_MTOTAL[[#This Row],[Counting Overs]])+1>0,RIGHT(T_MTOTAL[[#This Row],[Counting Overs]],1),0),0) -> 300 | AM14: =(LEFT(T_MTOTAL[[#This Row],[Overs]],IFERROR(FIND(".",T_MTOTAL[[#This Row],[Overs]])-1,LEN(T_MTOTAL[[#This Row],[Overs]])))*6) + IFERROR(IF(FIND(".",T_MTOTAL[[#This Row],[Overs]])+1>0,RIGHT(T_MTOTAL[[#This Row],[Overs]],1),0),0) -> 300 | AN14: =IFERROR(IF(MATCH(T_MTOTAL[[#This Row],[ORDER LINK]],T_DL[link],0)>0,INDEX(T_DL[d/l score],MATCH(T_MTOTAL[[#This Row],[ORDER LINK]],T_DL[link],0)),""),T_MTOTAL[[#This Row],[Total]]) -> 304 | AP14: 13 | AQ14: India | AR14: MM Sharma | AS14: 7 | AT14: 0 | AU14: 31 | AV14: 2 | AW14: 4.42 | AX14: 25 | AY14: 3 | AZ14: 0 | BA14: 2 | BC14: 3 | BD14: =CONCATENATE(Table9[[#This Row],[Match Number]],Table9[[#This Row],[Team]],Table9[[#This Row],[BOWL NUM]]) -> 13India3 | BE14: =IFERROR(IF(AND(Table9[[#This Row],[Team]]=I_TEAM,IFERROR(IF(MATCH(Table9[[#This Row],[Bowler]],$AR$5:AR13,0)>0,0),1)),1,0),"") | BF14: =(LEFT(Table9[[#This Row],[Overs]],IFERROR(FIND(".",Table9[[#This Row],[Overs]])-1,LEN(Table9[[#This Row],[Overs]])))*6) + IFERROR(IF(FIND(".",Table9[[#This Row],[Overs]])+1>0,RIGHT(Table9[[#This Row],[Overs]],1),0),0) -> 42 | BG14: =IF(INDEX(T_MATCHSUM[TEAM ONE],MATCH(Table9[[#This Row],[Match Number]],T_MATCHSUM[Match Number],0))=Table9[[#This Row],[Team]],INDEX(T_MATCHSUM[TEAM TWO],MATCH(Table9[[#This Row],[Match Number]],T_MATCHSUM[Match Number],0)),INDEX(T_MATCHSUM[TEAM ONE],MATCH(Table9[[#This Row],[Match Number]],T_MATCHSUM[Match Number],0))) -> SOUTH AFRICA | BH14: =IF(Table9[[#This Row],[Team]]=I_TEAM,Table9[[#This Row],[Wickets]]*100-Table9[[#This Row],[Runs]],0) -> #REF! | BI14: =Table9[[#This Row],[Wickets]]*100-Table9[[#This Row],[Runs]] -> 169 | BJ14: =IFERROR(IF(MATCH(Table9[[#This Row],[Bowler]],OFFSET(AR15,0,0,BOWLROWS-ROW(AR14)-ROW(Table9[[#Headers],[BOWLER CUML WICKETS]])),0)>0,0,SUMIF($AR$6:AR14,Table9[[#This Row],[Bowler]],$AV$6:AV14)),SUMIF($AR$6:AR14,Table9[[#This Row],[Bowler]],$AV$6:AV14)) -> 0 | BK14: =IFERROR(IF(MATCH(Table9[[#This Row],[Bowler]],OFFSET(AR15,0,0,BOWLROWS-ROW(AR14)-ROW(Table9[[#Headers],[BOWLER CUML WICKETS]])),0)>0,0,SUMIF($AR$6:AR14,Table9[[#This Row],[Bowler]],$AU$6:AU14)),SUMIF($AR$6:AR14,Table9[[#This Row],[Bowler]],$AU$6:AU14)) -> 0 | BL14: =Table9[[#This Row],[BOWLER CUML WICKETS]]*100-Table9[[#This Row],[BOWLER CUML RUNS]] -> 0
A15: 13 | B15: South Africa | C15: HM Amla | D15: c Mohammed Shami b MM Sharma | E15: 22 | F15: 50 | G15: 28 | H15: 2 | I15: 0 | J15: 78.57 | K15: 1 | L15: =CONCATENATE(T_BATTINGDATA[[#This Row],[Match]],T_BATTINGDATA[[#This Row],[Team]],T_BATTINGDATA[[#This Row],[Bat Number]]) -> 13South Africa1 | M15: =IFERROR(IF(AND(T_BATTINGDATA[[#This Row],[Team]]=I_TEAM,IFERROR(IF(MATCH(T_BATTINGDATA[[#This Row],[BATSMAN NAME]],$O$5:O14,0)>0,0),1)),1,0),"") | N15: =IF(T_BATTINGDATA[[#This Row],[Team]]=I_TEAM,T_BATTINGDATA[[#This Row],[R]],0) -> #REF! | O15: =LEFT(T_BATTINGDATA[[#This Row],[Batsman]],IFERROR(FIND("*",T_BATTINGDATA[[#This Row],[Batsman]])-1,IFERROR(FIND("†",T_BATTINGDATA[[#This Row],[Batsman]])-1,LEN(T_BATTINGDATA[[#This Row],[Batsman]])))) -> HM Amla | P15: =IFERROR(IF(MATCH(T_BATTINGDATA[[#This Row],[BATSMAN NAME]],OFFSET(O16,0,0,BATROWS-ROW(O15)-ROW(T_BATTINGDATA[[#Headers],[BATSMAN NAME]])),0)>0,0,SUMIF($O$6:O15,T_BATTINGDATA[[#This Row],[BATSMAN NAME]],$E$6:E15)),SUMIF($O$6:O15,T_BATTINGDATA[[#This Row],[BATSMAN NAME]],$E$6:E15)) -> 0 | R15: 34 | S15: India | T15: 2 | U15: 13 | W15: 4 | X15: 19 | Y15: =CONCATENATE(T_EXTRAS[[#This Row],[Match Number]],T_EXTRAS[[#This Row],[Team Batting]]) -> 34India | AA15: 5 | AB15: Ireland | AC15: 6 | AD15: 307 | AE15: 6.69 | AF15: 45.5 | AG15: =T_MTOTAL[[#This Row],[Match Number]]&T_MTOTAL[[#This Row],[Team]] -> 5Ireland | AH15: 2 | AI15: =T_MTOTAL[[#This Row],[Match Number]]&" "&T_MTOTAL[[#This Row],[ORDER]] -> 5 2 | AJ15: =IF(INDEX(T_MATCHSUM[TEAM ONE],MATCH(T_MTOTAL[[#This Row],[Match Number]],T_MATCHSUM[Match Number],0))=T_MTOTAL[[#This Row],[Team]],INDEX(T_MATCHSUM[TEAM TWO],MATCH(T_MTOTAL[[#This Row],[Match Number]],T_MATCHSUM[Match Number],0)),INDEX(T_MATCHSUM[TEAM ONE],MATCH(T_MTOTAL[[#This Row],[Match Number]],T_MATCHSUM[Match Number],0))) -> WEST INDIES | AK15: =IF(OR(T_MTOTAL[[#This Row],[ORDER LINK]]="32 2",T_MTOTAL[[#This Row],[ORDER LINK]]="36 2"),50,IFERROR(IF(MATCH(T_MTOTAL[[#This Row],[ORDER LINK]],T_DL[link],0)>0, INDEX(T_DL[D/L Overs],MATCH(T_MTOTAL[[#This Row],[ORDER LINK]],T_DL[link],0)),IF(T_MTOTAL[[#This Row],[Wickets]]=10, 50,T_MTOTAL[[#This Row],[Overs]])),IF(T_MTOTAL[[#This Row],[Wickets]]=10, 50,T_MTOTAL[[#This Row],[Overs]]))) -> 45.5 | AL15: =(LEFT(T_MTOTAL[[#This Row],[Counting Overs]],IFERROR(FIND(".",T_MTOTAL[[#This Row],[Counting Overs]])-1,LEN(T_MTOTAL[[#This Row],[Counting Overs]])))*6) + IFERROR(IF(FIND(".",T_MTOTAL[[#This Row],[Counting Overs]])+1>0,RIGHT(T_MTOTAL[[#This Row],[Counting Overs]],1),0),0) -> 275 | AM15: =(LEFT(T_MTOTAL[[#This Row],[Overs]],IFERROR(FIND(".",T_MTOTAL[[#This Row],[Overs]])-1,LEN(T_MTOTAL[[#This Row],[Overs]])))*6) + IFERROR(IF(FIND(".",T_MTOTAL[[#This Row],[Overs]])+1>0,RIGHT(T_MTOTAL[[#This Row],[Overs]],1),0),0) -> 275 | AN15: =IFERROR(IF(MATCH(T_MTOTAL[[#This Row],[ORDER LINK]],T_DL[link],0)>0,INDEX(T_DL[d/l score],MATCH(T_MTOTAL[[#This Row],[ORDER LINK]],T_DL[link],0)),""),T_MTOTAL[[#This Row],[Total]]) -> 307 | AP15: 13 | AQ15: India | AR15: RA Jadeja | AS15: 8.2 | AT15: 0 | AU15: 37 | AV15: 1 | AW15: 4.44 | AX15: 22 | AY15: 2 | AZ15: 0 | BA15: 1 | BC15: 4 | BD15: =CONCATENATE(Table9[[#This Row],[Match Number]],Table9[[#This Row],[Team]],Table9[[#This Row],[BOWL NUM]]) -> 13India4 | BE15: =IFERROR(IF(AND(Table9[[#This Row],[Team]]=I_TEAM,IFERROR(IF(MATCH(Table9[[#This Row],[Bowler]],$AR$5:AR14,0)>0,0),1)),1,0),"") | BF15: =(LEFT(Table9[[#This Row],[Overs]],IFERROR(FIND(".",Table9[[#This Row],[Overs]])-1,LEN(Table9[[#This Row],[Overs]])))*6) + IFERROR(IF(FIND(".",Table9[[#This Row],[Overs]])+1>0,RIGHT(Table9[[#This Row],[Overs]],1),0),0) -> 50 | BG15: =IF(INDEX(T_MATCHSUM[TEAM ONE],MATCH(Table9[[#This Row],[Match Number]],T_MATCHSUM[Match Number],0))=Table9[[#This Row],[Team]],INDEX(T_MATCHSUM[TEAM TWO],MATCH(Table9[[#This Row],[Match Number]],T_MATCHSUM[Match Number],0)),INDEX(T_MATCHSUM[TEAM ONE],MATCH(Table9[[#This Row],[Match Number]],T_MATCHSUM[Match Number],0))) -> SOUTH AFRICA | BH15: =IF(Table9[[#This Row],[Team]]=I_TEAM,Table9[[#This Row],[Wickets]]*100-Table9[[#This Row],[Runs]],0) -> #REF! | BI15: =Table9[[#This Row],[Wickets]]*100-Table9[[#This Row],[Runs]] -> 63 | BJ15: =IFERROR(IF(MATCH(Table9[[#This Row],[Bowler]],OFFSET(AR16,0,0,BOWLROWS-ROW(AR15)-ROW(Table9[[#Headers],[BOWLER CUML WICKETS]])),0)>0,0,SUMIF($AR$6:AR15,Table9[[#This Row],[Bowler]],$AV$6:AV15)),SUMIF($AR$6:AR15,Table9[[#This Row],[Bowler]],$AV$6:AV15)) -> 0 | BK15: =IFERROR(IF(MATCH(Table9[[#This Row],[Bowler]],OFFSET(AR16,0,0,BOWLROWS-ROW(AR15)-ROW(Table9[[#Headers],[BOWLER CUML WICKETS]])),0)>0,0,SUMIF($AR$6:AR15,Table9[[#This Row],[Bowler]],$AU$6:AU15)),SUMIF($AR$6:AR15,Table9[[#This Row],[Bowler]],$AU$6:AU15)) -> 0 | BL15: =Table9[[#This Row],[BOWLER CUML WICKETS]]*100-Table9[[#This Row],[BOWLER CUML RUNS]] -> 0
A16: 13 | B16: South Africa | C16: Q de Kock† | D16: c Kohli b Mohammed Shami | E16: 7 | F16: 15 | G16: 15 | H16: 1 | I16: 0 | J16: 46.66 | K16: 2 | L16: =CONCATENATE(T_BATTINGDATA[[#This Row],[Match]],T_BATTINGDATA[[#This Row],[Team]],T_BATTINGDATA[[#This Row],[Bat Number]]) -> 13South Africa2 | M16: =IFERROR(IF(AND(T_BATTINGDATA[[#This Row],[Team]]=I_TEAM,IFERROR(IF(MATCH(T_BATTINGDATA[[#This Row],[BATSMAN NAME]],$O$5:O15,0)>0,0),1)),1,0),"") | N16: =IF(T_BATTINGDATA[[#This Row],[Team]]=I_TEAM,T_BATTINGDATA[[#This Row],[R]],0) -> #REF! | O16: =LEFT(T_BATTINGDATA[[#This Row],[Batsman]],IFERROR(FIND("*",T_BATTINGDATA[[#This Row],[Batsman]])-1,IFERROR(FIND("†",T_BATTINGDATA[[#This Row],[Batsman]])-1,LEN(T_BATTINGDATA[[#This Row],[Batsman]])))) -> Q de Kock | P16: =IFERROR(IF(MATCH(T_BATTINGDATA[[#This Row],[BATSMAN NAME]],OFFSET(O17,0,0,BATROWS-ROW(O16)-ROW(T_BATTINGDATA[[#Headers],[BATSMAN NAME]])),0)>0,0,SUMIF($O$6:O16,T_BATTINGDATA[[#This Row],[BATSMAN NAME]],$E$6:E16)),SUMIF($O$6:O16,T_BATTINGDATA[[#This Row],[BATSMAN NAME]],$E$6:E16)) -> 0 | R16: 28 | S16: West Indies | T16: 5 | U16: 16 | X16: 21 | Y16: =CONCATENATE(T_EXTRAS[[#This Row],[Match Number]],T_EXTRAS[[#This Row],[Team Batting]]) -> 28West Indies | AA16: 6 | AB16: Scotland | AC16: 10 | AD16: 142 | AE16: 3.9 | AF16: 36.2 | AG16: =T_MTOTAL[[#This Row],[Match Number]]&T_MTOTAL[[#This Row],[Team]] -> 6Scotland | AH16: 1 | AI16: =T_MTOTAL[[#This Row],[Match Number]]&" "&T_MTOTAL[[#This Row],[ORDER]] -> 6 1 | AJ16: =IF(INDEX(T_MATCHSUM[TEAM ONE],MATCH(T_MTOTAL[[#This Row],[Match Number]],T_MATCHSUM[Match Number],0))=T_MTOTAL[[#This Row],[Team]],INDEX(T_MATCHSUM[TEAM TWO],MATCH(T_MTOTAL[[#This Row],[Match Number]],T_MATCHSUM[Match Number],0)),INDEX(T_MATCHSUM[TEAM ONE],MATCH(T_MTOTAL[[#This Row],[Match Number]],T_MATCHSUM[Match Number],0))) -> NEW ZEALAND | AK16: =IF(OR(T_MTOTAL[[#This Row],[ORDER LINK]]="32 2",T_MTOTAL[[#This Row],[ORDER LINK]]="36 2"),50,IFERROR(IF(MATCH(T_MTOTAL[[#This Row],[ORDER LINK]],T_DL[link],0)>0, INDEX(T_DL[D/L Overs],MATCH(T_MTOTAL[[#This Row],[ORDER LINK]],T_DL[link],0)),IF(T_MTOTAL[[#This Row],[Wickets]]=10, 50,T_MTOTAL[[#This Row],[Overs]])),IF(T_MTOTAL[[#This Row],[Wickets]]=10, 50,T_MTOTAL[[#This Row],[Overs]]))) -> 50 | AL16: =(LEFT(T_MTOTAL[[#This Row],[Counting Overs]],IFERROR(FIND(".",T_MTOTAL[[#This Row],[Counting Overs]])-1,LEN(T_MTOTAL[[#This Row],[Counting Overs]])))*6) + IFERROR(IF(FIND(".",T_MTOTAL[[#This Row],[Counting Overs]])+1>0,RIGHT(T_MTOTAL[[#This Row],[Counting Overs]],1),0),0) -> 300 | AM16: =(LEFT(T_MTOTAL[[#This Row],[Overs]],IFERROR(FIND(".",T_MTOTAL[[#This Row],[Overs]])-1,LEN(T_MTOTAL[[#This Row],[Overs]])))*6) + IFERROR(IF(FIND(".",T_MTOTAL[[#This Row],[Overs]])+1>0,RIGHT(T_MTOTAL[[#This Row],[Overs]],1),0),0) -> 218 | AN16: =IFERROR(IF(MATCH(T_MTOTAL[[#This Row],[ORDER LINK]],T_DL[link],0)>0,INDEX(T_DL[d/l score],MATCH(T_MTOTAL[[#This Row],[ORDER LINK]],T_DL[link],0)),""),T_MTOTAL[[#This Row],[Total]]) -> 142 | AP16: 13 | AQ16: India | AR16: R Ashwin | AS16: 10 | AT16: 0 | AU16: 41 | AV16: 3 | AW16: 4.1 | AX16: 34 | AY16: 4 | AZ16: 0 | BC16: 5 | BD16: =CONCATENATE(Table9[[#This Row],[Match Number]],Table9[[#This Row],[Team]],Table9[[#This Row],[BOWL NUM]]) -> 13India5 | BE16: =IFERROR(IF(AND(Table9[[#This Row],[Team]]=I_TEAM,IFERROR(IF(MATCH(Table9[[#This Row],[Bowler]],$AR$5:AR15,0)>0,0),1)),1,0),"") | BF16: =(LEFT(Table9[[#This Row],[Overs]],IFERROR(FIND(".",Table9[[#This Row],[Overs]])-1,LEN(Table9[[#This Row],[Overs]])))*6) + IFERROR(IF(FIND(".",Table9[[#This Row],[Overs]])+1>0,RIGHT(Table9[[#This Row],[Overs]],1),0),0) -> 60 | BG16: =IF(INDEX(T_MATCHSUM[TEAM ONE],MATCH(Table9[[#This Row],[Match Number]],T_MATCHSUM[Match Number],0))=Table9[[#This Row],[Team]],INDEX(T_MATCHSUM[TEAM TWO],MATCH(Table9[[#This Row],[Match Number]],T_MATCHSUM[Match Number],0)),INDEX(T_MATCHSUM[TEAM ONE],MATCH(Table9[[#This Row],[Match Number]],T_MATCHSUM[Match Number],0))) -> SOUTH AFRICA | BH16: =IF(Table9[[#This Row],[Team]]=I_TEAM,Table9[[#This Row],[Wickets]]*100-Table9[[#This Row],[Runs]],0) -> #REF! | BI16: =Table9[[#This Row],[Wickets]]*100-Table9[[#This Row],[Runs]] -> 259 | BJ16: =IFERROR(IF(MATCH(Table9[[#This Row],[Bowler]],OFFSET(AR17,0,0,BOWLROWS-ROW(AR16)-ROW(Table9[[#Headers],[BOWLER CUML WICKETS]])),0)>0,0,SUMIF($AR$6:AR16,Table9[[#This Row],[Bowler]],$AV$6:AV16)),SUMIF($AR$6:AR16,Table9[[#This Row],[Bowler]],$AV$6:AV16)) -> 0 | BK16: =IFERROR(IF(MATCH(Table9[[#This Row],[Bowler]],OFFSET(AR17,0,0,BOWLROWS-ROW(AR16)-ROW(Table9[[#Headers],[BOWLER CUML WICKETS]])),0)>0,0,SUMIF($AR$6:AR16,Table9[[#This Row],[Bowler]],$AU$6:AU16)),SUMIF($AR$6:AR16,Table9[[#This Row],[Bowler]],$AU$6:AU16)) -> 0 | BL16: =Table9[[#This Row],[BOWLER CUML WICKETS]]*100-Table9[[#This Row],[BOWLER CUML RUNS]] -> 0
A17: 13 | B17: South Africa | C17: F du Plessis | D17: c Dhawan b MM Sharma | E17: 55 | F17: 98 | G17: 71 | H17: 5 | I17: 0 | J17: 77.46 | K17: 3 | L17: =CONCATENATE(T_BATTINGDATA[[#This Row],[Match]],T_BATTINGDATA[[#This Row],[Team]],T_BATTINGDATA[[#This Row],[Bat Number]]) -> 13South Africa3 | M17: =IFERROR(IF(AND(T_BATTINGDATA[[#This Row],[Team]]=I_TEAM,IFERROR(IF(MATCH(T_BATTINGDATA[[#This Row],[BATSMAN NAME]],$O$5:O16,0)>0,0),1)),1,0),"") | N17: =IF(T_BATTINGDATA[[#This Row],[Team]]=I_TEAM,T_BATTINGDATA[[#This Row],[R]],0) -> #REF! | O17: =LEFT(T_BATTINGDATA[[#This Row],[Batsman]],IFERROR(FIND("*",T_BATTINGDATA[[#This Row],[Batsman]])-1,IFERROR(FIND("†",T_BATTINGDATA[[#This Row],[Batsman]])-1,LEN(T_BATTINGDATA[[#This Row],[Batsman]])))) -> F du Plessis | P17: =IFERROR(IF(MATCH(T_BATTINGDATA[[#This Row],[BATSMAN NAME]],OFFSET(O18,0,0,BATROWS-ROW(O17)-ROW(T_BATTINGDATA[[#Headers],[BATSMAN NAME]])),0)>0,0,SUMIF($O$6:O17,T_BATTINGDATA[[#This Row],[BATSMAN NAME]],$E$6:E17)),SUMIF($O$6:O17,T_BATTINGDATA[[#This Row],[BATSMAN NAME]],$E$6:E17)) -> 0 | R17: 28 | S17: India | T17: 3 | U17: 19 | V17: 3 | W17: 1 | X17: 26 | Y17: =CONCATENATE(T_EXTRAS[[#This Row],[Match Number]],T_EXTRAS[[#This Row],[Team Batting]]) -> 28India | AA17: 6 | AB17: New Zealand | AC17: 7 | AD17: 146 | AE17: 5.87 | AF17: 24.5 | AG17: =T_MTOTAL[[#This Row],[Match Number]]&T_MTOTAL[[#This Row],[Team]] -> 6New Zealand | AH17: 2 | AI17: =T_MTOTAL[[#This Row],[Match Number]]&" "&T_MTOTAL[[#This Row],[ORDER]] -> 6 2 | AJ17: =IF(INDEX(T_MATCHSUM[TEAM ONE],MATCH(T_MTOTAL[[#This Row],[Match Number]],T_MATCHSUM[Match Number],0))=T_MTOTAL[[#This Row],[Team]],INDEX(T_MATCHSUM[TEAM TWO],MATCH(T_MTOTAL[[#This Row],[Match Number]],T_MATCHSUM[Match Number],0)),INDEX(T_MATCHSUM[TEAM ONE],MATCH(T_MTOTAL[[#This Row],[Match Number]],T_MATCHSUM[Match Number],0))) -> SCOTLAND | AK17: =IF(OR(T_MTOTAL[[#This Row],[ORDER LINK]]="32 2",T_MTOTAL[[#This Row],[ORDER LINK]]="36 2"),50,IFERROR(IF(MATCH(T_MTOTAL[[#This Row],[ORDER LINK]],T_DL[link],0)>0, INDEX(T_DL[D/L Overs],MATCH(T_MTOTAL[[#This Row],[ORDER LINK]],T_DL[link],0)),IF(T_MTOTAL[[#This Row],[Wickets]]=10, 50,T_MTOTAL[[#This Row],[Overs]])),IF(T_MTOTAL[[#This Row],[Wickets]]=10, 50,T_MTOTAL[[#This Row],[Overs]]))) -> 24.5 | AL17: =(LEFT(T_MTOTAL[[#This Row],[Counting Overs]],IFERROR(FIND(".",T_MTOTAL[[#This Row],[Counting Overs]])-1,LEN(T_MTOTAL[[#This Row],[Counting Overs]])))*6) + IFERROR(IF(FIND(".",T_MTOTAL[[#This Row],[Counting Overs]])+1>0,RIGHT(T_MTOTAL[[#This Row],[Counting Overs]],1),0),0) -> 149 | AM17: =(LEFT(T_MTOTAL[[#This Row],[Overs]],IFERROR(FIND(".",T_MTOTAL[[#This Row],[Overs]])-1,LEN(T_MTOTAL[[#This Row],[Overs]])))*6) + IFERROR(IF(FIND(".",T_MTOTAL[[#This Row],[Overs]])+1>0,RIGHT(T_MTOTAL[[#This Row],[Overs]],1),0),0) -> 149 | AN17: =IFERROR(IF(MATCH(T_MTOTAL[[#This Row],[ORDER LINK]],T_DL[link],0)>0,INDEX(T_DL[d/l score],MATCH(T_MTOTAL[[#This Row],[ORDER LINK]],T_DL[link],0)),""),T_MTOTAL[[#This Row],[Total]]) -> 146 | AP17: 13 | AQ17: India | AR17: SK Raina | AS17: 1 | AT17: 0 | AU17: 3 | AV17: 0 | AW17: 3 | AX17: 3 | AY17: 0 | AZ17: 0 | BC17: 6 | BD17: =CONCATENATE(Table9[[#This Row],[Match Number]],Table9[[#This Row],[Team]],Table9[[#This Row],[BOWL NUM]]) -> 13India6 | BE17: =IFERROR(IF(AND(Table9[[#This Row],[Team]]=I_TEAM,IFERROR(IF(MATCH(Table9[[#This Row],[Bowler]],$AR$5:AR16,0)>0,0),1)),1,0),"") | BF17: =(LEFT(Table9[[#This Row],[Overs]],IFERROR(FIND(".",Table9[[#This Row],[Overs]])-1,LEN(Table9[[#This Row],[Overs]])))*6) + IFERROR(IF(FIND(".",Table9[[#This Row],[Overs]])+1>0,RIGHT(Table9[[#This Row],[Overs]],1),0),0) -> 6 | BG17: =IF(INDEX(T_MATCHSUM[TEAM ONE],MATCH(Table9[[#This Row],[Match Number]],T_MATCHSUM[Match Number],0))=Table9[[#This Row],[Team]],INDEX(T_MATCHSUM[TEAM TWO],MATCH(Table9[[#This Row],[Match Number]],T_MATCHSUM[Match Number],0)),INDEX(T_MATCHSUM[TEAM ONE],MATCH(Table9[[#This Row],[Match Number]],T_MATCHSUM[Match Number],0))) -> SOUTH AFRICA | BH17: =IF(Table9[[#This Row],[Team]]=I_TEAM,Table9[[#This Row],[Wickets]]*100-Table9[[#This Row],[Runs]],0) -> #REF! | BI17: =Table9[[#This Row],[Wickets]]*100-Table9[[#This Row],[Runs]] -> -3 | BJ17: =IFERROR(IF(MATCH(Table9[[#This Row],[Bowler]],OFFSET(AR18,0,0,BOWLROWS-ROW(AR17)-ROW(Table9[[#Headers],[BOWLER CUML WICKETS]])),0)>0,0,SUMIF($AR$6:AR17,Table9[[#This Row],[Bowler]],$AV$6:AV17)),SUMIF($AR$6:AR17,Table9[[#This Row],[Bowler]],$AV$6:AV17)) -> 0 | BK17: =IFERROR(IF(MATCH(Table9[[#This Row],[Bowler]],OFFSET(AR18,0,0,BOWLROWS-ROW(AR17)-ROW(Table9[[#Headers],[BOWLER CUML WICKETS]])),0)>0,0,SUMIF($AR$6:AR17,Table9[[#This Row],[Bowler]],$AU$6:AU17)),SUMIF($AR$6:AR17,Table9[[#This Row],[Bowler]],$AU$6:AU17)) -> 0 | BL17: =Table9[[#This Row],[BOWLER CUML WICKETS]]*100-Table9[[#This Row],[BOWLER CUML RUNS]] -> 0
A18: 13 | B18: South Africa | C18: AB de Villiers* | D18: run out (MM Sharma/†Dhoni) | E18: 30 | F18: 47 | G18: 38 | H18: 3 | I18: 0 | J18: 78.94 | K18: 4 | L18: =CONCATENATE(T_BATTINGDATA[[#This Row],[Match]],T_BATTINGDATA[[#This Row],[Team]],T_BATTINGDATA[[#This Row],[Bat Number]]) -> 13South Africa4 | M18: =IFERROR(IF(AND(T_BATTINGDATA[[#This Row],[Team]]=I_TEAM,IFERROR(IF(MATCH(T_BATTINGDATA[[#This Row],[BATSMAN NAME]],$O$5:O17,0)>0,0),1)),1,0),"") | N18: =IF(T_BATTINGDATA[[#This Row],[Team]]=I_TEAM,T_BATTINGDATA[[#This Row],[R]],0) -> #REF! | O18: =LEFT(T_BATTINGDATA[[#This Row],[Batsman]],IFERROR(FIND("*",T_BATTINGDATA[[#This Row],[Batsman]])-1,IFERROR(FIND("†",T_BATTINGDATA[[#This Row],[Batsman]])-1,LEN(T_BATTINGDATA[[#This Row],[Batsman]])))) -> AB de Villiers | P18: =IFERROR(IF(MATCH(T_BATTINGDATA[[#This Row],[BATSMAN NAME]],OFFSET(O19,0,0,BATROWS-ROW(O18)-ROW(T_BATTINGDATA[[#Headers],[BATSMAN NAME]])),0)>0,0,SUMIF($O$6:O18,T_BATTINGDATA[[#This Row],[BATSMAN NAME]],$E$6:E18)),SUMIF($O$6:O18,T_BATTINGDATA[[#This Row],[BATSMAN NAME]],$E$6:E18)) -> 0 | R18: 44 | S18: India | T18: 7 | U18: 3 | V18: 2 | W18: 4 | X18: 16 | Y18: =CONCATENATE(T_EXTRAS[[#This Row],[Match Number]],T_EXTRAS[[#This Row],[Team Batting]]) -> 44India | AA18: 7 | AB18: Bangladesh | AC18: 10 | AD18: 267 | AE18: 5.34 | AF18: 50 | AG18: =T_MTOTAL[[#This Row],[Match Number]]&T_MTOTAL[[#This Row],[Team]] -> 7Bangladesh | AH18: 1 | AI18: =T_MTOTAL[[#This Row],[Match Number]]&" "&T_MTOTAL[[#This Row],[ORDER]] -> 7 1 | AJ18: =IF(INDEX(T_MATCHSUM[TEAM ONE],MATCH(T_MTOTAL[[#This Row],[Match Number]],T_MATCHSUM[Match Number],0))=T_MTOTAL[[#This Row],[Team]],INDEX(T_MATCHSUM[TEAM TWO],MATCH(T_MTOTAL[[#This Row],[Match Number]],T_MATCHSUM[Match Number],0)),INDEX(T_MATCHSUM[TEAM ONE],MATCH(T_MTOTAL[[#This Row],[Match Number]],T_MATCHSUM[Match Number],0))) -> AFGHANISTAN | AK18: =IF(OR(T_MTOTAL[[#This Row],[ORDER LINK]]="32 2",T_MTOTAL[[#This Row],[ORDER LINK]]="36 2"),50,IFERROR(IF(MATCH(T_MTOTAL[[#This Row],[ORDER LINK]],T_DL[link],0)>0, INDEX(T_DL[D/L Overs],MATCH(T_MTOTAL[[#This Row],[ORDER LINK]],T_DL[link],0)),IF(T_MTOTAL[[#This Row],[Wickets]]=10, 50,T_MTOTAL[[#This Row],[Overs]])),IF(T_MTOTAL[[#This Row],[Wickets]]=10, 50,T_MTOTAL[[#This Row],[Overs]]))) -> 50 | AL18: =(LEFT(T_MTOTAL[[#This Row],[Counting Overs]],IFERROR(FIND(".",T_MTOTAL[[#This Row],[Counting Overs]])-1,LEN(T_MTOTAL[[#This Row],[Counting Overs]])))*6) + IFERROR(IF(FIND(".",T_MTOTAL[[#This Row],[Counting Overs]])+1>0,RIGHT(T_MTOTAL[[#This Row],[Counting Overs]],1),0),0) -> 300 | AM18: =(LEFT(T_MTOTAL[[#This Row],[Overs]],IFERROR(FIND(".",T_MTOTAL[[#This Row],[Overs]])-1,LEN(T_MTOTAL[[#This Row],[Overs]])))*6) + IFERROR(IF(FIND(".",T_MTOTAL[[#This Row],[Overs]])+1>0,RIGHT(T_MTOTAL[[#This Row],[Overs]],1),0),0) -> 300 | AN18: =IFERROR(IF(MATCH(T_MTOTAL[[#This Row],[ORDER LINK]],T_DL[link],0)>0,INDEX(T_DL[d/l score],MATCH(T_MTOTAL[[#This Row],[ORDER LINK]],T_DL[link],0)),""),T_MTOTAL[[#This Row],[Total]]) -> 267 | AP18: 4 | AQ18: Pakistan | AR18: Mohammad Irfan | AS18: 10 | AT18: 0 | AU18: 58 | AV18: 0 | AW18: 5.8 | AX18: 31 | AY18: 6 | AZ18: 1 | BA18: 2 | BB18: 1 | BC18: 1 | BD18: =CONCATENATE(Table9[[#This Row],[Match Number]],Table9[[#This Row],[Team]],Table9[[#This Row],[BOWL NUM]]) -> 4Pakistan1 | BE18: =IFERROR(IF(AND(Table9[[#This Row],[Team]]=I_TEAM,IFERROR(IF(MATCH(Table9[[#This Row],[Bowler]],$AR$5:AR17,0)>0,0),1)),1,0),"") | BF18: =(LEFT(Table9[[#This Row],[Overs]],IFERROR(FIND(".",Table9[[#This Row],[Overs]])-1,LEN(Table9[[#This Row],[Overs]])))*6) + IFERROR(IF(FIND(".",Table9[[#This Row],[Overs]])+1>0,RIGHT(Table9[[#This Row],[Overs]],1),0),0) -> 60 | BG18: =IF(INDEX(T_MATCHSUM[TEAM ONE],MATCH(Table9[[#This Row],[Match Number]],T_MATCHSUM[Match Number],0))=Table9[[#This Row],[Team]],INDEX(T_MATCHSUM[TEAM TWO],MATCH(Table9[[#This Row],[Match Number]],T_MATCHSUM[Match Number],0)),INDEX(T_MATCHSUM[TEAM ONE],MATCH(Table9[[#This Row],[Match Number]],T_MATCHSUM[Match Number],0))) -> INDIA | BH18: =IF(Table9[[#This Row],[Team]]=I_TEAM,Table9[[#This Row],[Wickets]]*100-Table9[[#This Row],[Runs]],0) -> #REF! | BI18: =Table9[[#This Row],[Wickets]]*100-Table9[[#This Row],[Runs]] -> -58 | BJ18: =IFERROR(IF(MATCH(Table9[[#This Row],[Bowler]],OFFSET(AR19,0,0,BOWLROWS-ROW(AR18)-ROW(Table9[[#Headers],[BOWLER CUML WICKETS]])),0)>0,0,SUMIF($AR$6:AR18,Table9[[#This Row],[Bowler]],$AV$6:AV18)),SUMIF($AR$6:AR18,Table9[[#This Row],[Bowler]],$AV$6:AV18)) -> 0 | BK18: =IFERROR(IF(MATCH(Table9[[#This Row],[Bowler]],OFFSET(AR19,0,0,BOWLROWS-ROW(AR18)-ROW(Table9[[#Headers],[BOWLER CUML WICKETS]])),0)>0,0,SUMIF($AR$6:AR18,Table9[[#This Row],[Bowler]],$AU$6:AU18)),SUMIF($AR$6:AR18,Table9[[#This Row],[Bowler]],$AU$6:AU18)) -> 0 | BL18: =Table9[[#This Row],[BOWLER CUML WICKETS]]*100-Table9[[#This Row],[BOWLER CUML RUNS]] -> 0
A19: 13 | B19: South Africa | C19: DA Miller | D19: run out (Yadav/†Dhoni) | E19: 22 | F19: 45 | G19: 23 | H19: 2 | I19: 0 | J19: 95.65 | K19: 5 | L19: =CONCATENATE(T_BATTINGDATA[[#This Row],[Match]],T_BATTINGDATA[[#This Row],[Team]],T_BATTINGDATA[[#This Row],[Bat Number]]) -> 13South Africa5 | M19: =IFERROR(IF(AND(T_BATTINGDATA[[#This Row],[Team]]=I_TEAM,IFERROR(IF(MATCH(T_BATTINGDATA[[#This Row],[BATSMAN NAME]],$O$5:O18,0)>0,0),1)),1,0),"") | N19: =IF(T_BATTINGDATA[[#This Row],[Team]]=I_TEAM,T_BATTINGDATA[[#This Row],[R]],0) -> #REF! | O19: =LEFT(T_BATTINGDATA[[#This Row],[Batsman]],IFERROR(FIND("*",T_BATTINGDATA[[#This Row],[Batsman]])-1,IFERROR(FIND("†",T_BATTINGDATA[[#This Row],[Batsman]])-1,LEN(T_BATTINGDATA[[#This Row],[Batsman]])))) -> DA Miller | P19: =IFERROR(IF(MATCH(T_BATTINGDATA[[#This Row],[BATSMAN NAME]],OFFSET(O20,0,0,BATROWS-ROW(O19)-ROW(T_BATTINGDATA[[#Headers],[BATSMAN NAME]])),0)>0,0,SUMIF($O$6:O19,T_BATTINGDATA[[#This Row],[BATSMAN NAME]],$E$6:E19)),SUMIF($O$6:O19,T_BATTINGDATA[[#This Row],[BATSMAN NAME]],$E$6:E19)) -> 0 | R19: 44 | S19: Bangladesh | T19: 1 | U19: 8 | W19: 1 | X19: 10 | Y19: =CONCATENATE(T_EXTRAS[[#This Row],[Match Number]],T_EXTRAS[[#This Row],[Team Batting]]) -> 44Bangladesh | AA19: 7 | AB19: Afghanistan | AC19: 10 | AD19: 162 | AE19: 3.78 | AF19: 42.5 | AG19: =T_MTOTAL[[#This Row],[Match Number]]&T_MTOTAL[[#This Row],[Team]] -> 7Afghanistan | AH19: 2 | AI19: =T_MTOTAL[[#This Row],[Match Number]]&" "&T_MTOTAL[[#This Row],[ORDER]] -> 7 2 | AJ19: =IF(INDEX(T_MATCHSUM[TEAM ONE],MATCH(T_MTOTAL[[#This Row],[Match Number]],T_MATCHSUM[Match Number],0))=T_MTOTAL[[#This Row],[Team]],INDEX(T_MATCHSUM[TEAM TWO],MATCH(T_MTOTAL[[#This Row],[Match Number]],T_MATCHSUM[Match Number],0)),INDEX(T_MATCHSUM[TEAM ONE],MATCH(T_MTOTAL[[#This Row],[Match Number]],T_MATCHSUM[Match Number],0))) -> BANGLADESH | AK19: =IF(OR(T_MTOTAL[[#This Row],[ORDER LINK]]="32 2",T_MTOTAL[[#This Row],[ORDER LINK]]="36 2"),50,IFERROR(IF(MATCH(T_MTOTAL[[#This Row],[ORDER LINK]],T_DL[link],0)>0, INDEX(T_DL[D/L Overs],MATCH(T_MTOTAL[[#This Row],[ORDER LINK]],T_DL[link],0)),IF(T_MTOTAL[[#This Row],[Wickets]]=10, 50,T_MTOTAL[[#This Row],[Overs]])),IF(T_MTOTAL[[#This Row],[Wickets]]=10, 50,T_MTOTAL[[#This Row],[Overs]]))) -> 50 | AL19: =(LEFT(T_MTOTAL[[#This Row],[Counting Overs]],IFERROR(FIND(".",T_MTOTAL[[#This Row],[Counting Overs]])-1,LEN(T_MTOTAL[[#This Row],[Counting Overs]])))*6) + IFERROR(IF(FIND(".",T_MTOTAL[[#This Row],[Counting Overs]])+1>0,RIGHT(T_MTOTAL[[#This Row],[Counting Overs]],1),0),0) -> 300 | AM19: =(LEFT(T_MTOTAL[[#This Row],[Overs]],IFERROR(FIND(".",T_MTOTAL[[#This Row],[Overs]])-1,LEN(T_MTOTAL[[#This Row],[Overs]])))*6) + IFERROR(IF(FIND(".",T_MTOTAL[[#This Row],[Overs]])+1>0,RIGHT(T_MTOTAL[[#This Row],[Overs]],1),0),0) -> 257 | AN19: =IFERROR(IF(MATCH(T_MTOTAL[[#This Row],[ORDER LINK]],T_DL[link],0)>0,INDEX(T_DL[d/l score],MATCH(T_MTOTAL[[#This Row],[ORDER LINK]],T_DL[link],0)),""),T_MTOTAL[[#This Row],[Total]]) -> 162 | AP19: 4 | AQ19: Pakistan | AR19: Sohail Khan | AS19: 10 | AT19: 0 | AU19: 55 | AV19: 5 | AW19: 5.5 | AX19: 32 | AY19: 6 | AZ19: 1 | BA19: 1 | BC19: 2 | BD19: =CONCATENATE(Table9[[#This Row],[Match Number]],Table9[[#This Row],[Team]],Table9[[#This Row],[BOWL NUM]]) -> 4Pakistan2 | BE19: =IFERROR(IF(AND(Table9[[#This Row],[Team]]=I_TEAM,IFERROR(IF(MATCH(Table9[[#This Row],[Bowler]],$AR$5:AR18,0)>0,0),1)),1,0),"") | BF19: =(LEFT(Table9[[#This Row],[Overs]],IFERROR(FIND(".",Table9[[#This Row],[Overs]])-1,LEN(Table9[[#This Row],[Overs]])))*6) + IFERROR(IF(FIND(".",Table9[[#This Row],[Overs]])+1>0,RIGHT(Table9[[#This Row],[Overs]],1),0),0) -> 60 | BG19: =IF(INDEX(T_MATCHSUM[TEAM ONE],MATCH(Table9[[#This Row],[Match Number]],T_MATCHSUM[Match Number],0))=Table9[[#This Row],[Team]],INDEX(T_MATCHSUM[TEAM TWO],MATCH(Table9[[#This Row],[Match Number]],T_MATCHSUM[Match Number],0)),INDEX(T_MATCHSUM[TEAM ONE],MATCH(Table9[[#This Row],[Match Number]],T_MATCHSUM[Match Number],0))) -> INDIA | BH19: =IF(Table9[[#This Row],[Team]]=I_TEAM,Table9[[#This Row],[Wickets]]*100-Table9[[#This Row],[Runs]],0) -> #REF! | BI19: =Table9[[#This Row],[Wickets]]*100-Table9[[#This Row],[Runs]] -> 445 | BJ19: =IFERROR(IF(MATCH(Table9[[#This Row],[Bowler]],OFFSET(AR20,0,0,BOWLROWS-ROW(AR19)-ROW(Table9[[#Headers],[BOWLER CUML WICKETS]])),0)>0,0,SUMIF($AR$6:AR19,Table9[[#This Row],[Bowler]],$AV$6:AV19)),SUMIF($AR$6:AR19,Table9[[#This Row],[Bowler]],$AV$6:AV19)) -> 0 | BK19: =IFERROR(IF(MATCH(Table9[[#This Row],[Bowler]],OFFSET(AR20,0,0,BOWLROWS-ROW(AR19)-ROW(Table9[[#Headers],[BOWLER CUML WICKETS]])),0)>0,0,SUMIF($AR$6:AR19,Table9[[#This Row],[Bowler]],$AU$6:AU19)),SUMIF($AR$6:AR19,Table9[[#This Row],[Bowler]],$AU$6:AU19)) -> 0 | BL19: =Table9[[#This Row],[BOWLER CUML WICKETS]]*100-Table9[[#This Row],[BOWLER CUML RUNS]] -> 0
A20: 13 | B20: South Africa | C20: JP Duminy | D20: c Raina b Ashwin | E20: 6 | F20: 16 | G20: 15 | H20: 0 | I20: 0 | J20: 40 | K20: 6 | L20: =CONCATENATE(T_BATTINGDATA[[#This Row],[Match]],T_BATTINGDATA[[#This Row],[Team]],T_BATTINGDATA[[#This Row],[Bat Number]]) -> 13South Africa6 | M20: =IFERROR(IF(AND(T_BATTINGDATA[[#This Row],[Team]]=I_TEAM,IFERROR(IF(MATCH(T_BATTINGDATA[[#This Row],[BATSMAN NAME]],$O$5:O19,0)>0,0),1)),1,0),"") | N20: =IF(T_BATTINGDATA[[#This Row],[Team]]=I_TEAM,T_BATTINGDATA[[#This Row],[R]],0) -> #REF! | O20: =LEFT(T_BATTINGDATA[[#This Row],[Batsman]],IFERROR(FIND("*",T_BATTINGDATA[[#This Row],[Batsman]])-1,IFERROR(FIND("†",T_BATTINGDATA[[#This Row],[Batsman]])-1,LEN(T_BATTINGDATA[[#This Row],[Batsman]])))) -> JP Duminy | P20: =IFERROR(IF(MATCH(T_BATTINGDATA[[#This Row],[BATSMAN NAME]],OFFSET(O21,0,0,BATROWS-ROW(O20)-ROW(T_BATTINGDATA[[#Headers],[BATSMAN NAME]])),0)>0,0,SUMIF($O$6:O20,T_BATTINGDATA[[#This Row],[BATSMAN NAME]],$E$6:E20)),SUMIF($O$6:O20,T_BATTINGDATA[[#This Row],[BATSMAN NAME]],$E$6:E20)) -> 0 | R20: 1 | S20: New Zealand | T20: 2 | U20: 8 | V20: 3 | X20: 13 | Y20: =CONCATENATE(T_EXTRAS[[#This Row],[Match Number]],T_EXTRAS[[#This Row],[Team Batting]]) -> 1New Zealand | AA20: 8 | AB20: UAE | AC20: 7 | AD20: 285 | AE20: 5.7 | AF20: 50 | AG20: =T_MTOTAL[[#This Row],[Match Number]]&T_MTOTAL[[#This Row],[Team]] -> 8UAE | AH20: 1 | AI20: =T_MTOTAL[[#This Row],[Match Number]]&" "&T_MTOTAL[[#This Row],[ORDER]] -> 8 1 | AJ20: =IF(INDEX(T_MATCHSUM[TEAM ONE],MATCH(T_MTOTAL[[#This Row],[Match Number]],T_MATCHSUM[Match Number],0))=T_MTOTAL[[#This Row],[Team]],INDEX(T_MATCHSUM[TEAM TWO],MATCH(T_MTOTAL[[#This Row],[Match Number]],T_MATCHSUM[Match Number],0)),INDEX(T_MATCHSUM[TEAM ONE],MATCH(T_MTOTAL[[#This Row],[Match Number]],T_MATCHSUM[Match Number],0))) -> ZIMBABWE | AK20: =IF(OR(T_MTOTAL[[#This Row],[ORDER LINK]]="32 2",T_MTOTAL[[#This Row],[ORDER LINK]]="36 2"),50,IFERROR(IF(MATCH(T_MTOTAL[[#This Row],[ORDER LINK]],T_DL[link],0)>0, INDEX(T_DL[D/L Overs],MATCH(T_MTOTAL[[#This Row],[ORDER LINK]],T_DL[link],0)),IF(T_MTOTAL[[#This Row],[Wickets]]=10, 50,T_MTOTAL[[#This Row],[Overs]])),IF(T_MTOTAL[[#This Row],[Wickets]]=10, 50,T_MTOTAL[[#This Row],[Overs]]))) -> 50 | AL20: =(LEFT(T_MTOTAL[[#This Row],[Counting Overs]],IFERROR(FIND(".",T_MTOTAL[[#This Row],[Counting Overs]])-1,LEN(T_MTOTAL[[#This Row],[Counting Overs]])))*6) + IFERROR(IF(FIND(".",T_MTOTAL[[#This Row],[Counting Overs]])+1>0,RIGHT(T_MTOTAL[[#This Row],[Counting Overs]],1),0),0) -> 300 | AM20: =(LEFT(T_MTOTAL[[#This Row],[Overs]],IFERROR(FIND(".",T_MTOTAL[[#This Row],[Overs]])-1,LEN(T_MTOTAL[[#This Row],[Overs]])))*6) + IFERROR(IF(FIND(".",T_MTOTAL[[#This Row],[Overs]])+1>0,RIGHT(T_MTOTAL[[#This Row],[Overs]],1),0),0) -> 300 | AN20: =IFERROR(IF(MATCH(T_MTOTAL[[#This Row],[ORDER LINK]],T_DL[link],0)>0,INDEX(T_DL[d/l score],MATCH(T_MTOTAL[[#This Row],[ORDER LINK]],T_DL[link],0)),""),T_MTOTAL[[#This Row],[Total]]) -> 285 | AP20: 4 | AQ20: Pakistan | AR20: Shahid Afridi | AS20: 8 | AT20: 0 | AU20: 50 | AV20: 0 | AW20: 6.25 | AX20: 12 | AY20: 1 | AZ20: 1 | BC20: 3 | BD20: =CONCATENATE(Table9[[#This Row],[Match Number]],Table9[[#This Row],[Team]],Table9[[#This Row],[BOWL NUM]]) -> 4Pakistan3 | BE20: =IFERROR(IF(AND(Table9[[#This Row],[Team]]=I_TEAM,IFERROR(IF(MATCH(Table9[[#This Row],[Bowler]],$AR$5:AR19,0)>0,0),1)),1,0),"") | BF20: =(LEFT(Table9[[#This Row],[Overs]],IFERROR(FIND(".",Table9[[#This Row],[Overs]])-1,LEN(Table9[[#This Row],[Overs]])))*6) + IFERROR(IF(FIND(".",Table9[[#This Row],[Overs]])+1>0,RIGHT(Table9[[#This Row],[Overs]],1),0),0) -> 48 | BG20: =IF(INDEX(T_MATCHSUM[TEAM ONE],MATCH(Table9[[#This Row],[Match Number]],T_MATCHSUM[Match Number],0))=Table9[[#This Row],[Team]],INDEX(T_MATCHSUM[TEAM TWO],MATCH(Table9[[#This Row],[Match Number]],T_MATCHSUM[Match Number],0)),INDEX(T_MATCHSUM[TEAM ONE],MATCH(Table9[[#This Row],[Match Number]],T_MATCHSUM[Match Number],0))) -> INDIA | BH20: =IF(Table9[[#This Row],[Team]]=I_TEAM,Table9[[#This Row],[Wickets]]*100-Table9[[#This Row],[Runs]],0) -> #REF! | BI20: =Table9[[#This Row],[Wickets]]*100-Table9[[#This Row],[Runs]] -> -50 | BJ20: =IFERROR(IF(MATCH(Table9[[#This Row],[Bowler]],OFFSET(AR21,0,0,BOWLROWS-ROW(AR20)-ROW(Table9[[#Headers],[BOWLER CUML WICKETS]])),0)>0,0,SUMIF($AR$6:AR20,Table9[[#This Row],[Bowler]],$AV$6:AV20)),SUMIF($AR$6:AR20,Table9[[#This Row],[Bowler]],$AV$6:AV20)) -> 0 | BK20: =IFERROR(IF(MATCH(Table9[[#This Row],[Bowler]],OFFSET(AR21,0,0,BOWLROWS-ROW(AR20)-ROW(Table9[[#Headers],[BOWLER CUML WICKETS]])),0)>0,0,SUMIF($AR$6:AR20,Table9[[#This Row],[Bowler]],$AU$6:AU20)),SUMIF($AR$6:AR20,Table9[[#This Row],[Bowler]],$AU$6:AU20)) -> 0 | BL20: =Table9[[#This Row],[BOWLER CUML WICKETS]]*100-Table9[[#This Row],[BOWLER CUML RUNS]] -> 0
A21: 13 | B21: South Africa | C21: WD Parnell | D21: not out | E21: 17 | F21: 41 | G21: 28 | H21: 1 | I21: 0 | J21: 60.71 | K21: 7 | L21: =CONCATENATE(T_BATTINGDATA[[#This Row],[Match]],T_BATTINGDATA[[#This Row],[Team]],T_BATTINGDATA[[#This Row],[Bat Number]]) -> 13South Africa7 | M21: =IFERROR(IF(AND(T_BATTINGDATA[[#This Row],[Team]]=I_TEAM,IFERROR(IF(MATCH(T_BATTINGDATA[[#This Row],[BATSMAN NAME]],$O$5:O20,0)>0,0),1)),1,0),"") | N21: =IF(T_BATTINGDATA[[#This Row],[Team]]=I_TEAM,T_BATTINGDATA[[#This Row],[R]],0) -> #REF! | O21: =LEFT(T_BATTINGDATA[[#This Row],[Batsman]],IFERROR(FIND("*",T_BATTINGDATA[[#This Row],[Batsman]])-1,IFERROR(FIND("†",T_BATTINGDATA[[#This Row],[Batsman]])-1,LEN(T_BATTINGDATA[[#This Row],[Batsman]])))) -> WD Parnell | P21: =IFERROR(IF(MATCH(T_BATTINGDATA[[#This Row],[BATSMAN NAME]],OFFSET(O22,0,0,BATROWS-ROW(O21)-ROW(T_BATTINGDATA[[#Headers],[BATSMAN NAME]])),0)>0,0,SUMIF($O$6:O21,T_BATTINGDATA[[#This Row],[BATSMAN NAME]],$E$6:E21)),SUMIF($O$6:O21,T_BATTINGDATA[[#This Row],[BATSMAN NAME]],$E$6:E21)) -> 17 | R21: 1 | S21: Sri Lanka | U21: 10 | V21: 1 | X21: 11 | Y21: =CONCATENATE(T_EXTRAS[[#This Row],[Match Number]],T_EXTRAS[[#This Row],[Team Batting]]) -> 1Sri Lanka | AA21: 8 | AB21: Zimbabwe | AC21: 6 | AD21: 286 | AE21: 5.95 | AF21: 48 | AG21: =T_MTOTAL[[#This Row],[Match Number]]&T_MTOTAL[[#This Row],[Team]] -> 8Zimbabwe | AH21: 2 | AI21: =T_MTOTAL[[#This Row],[Match Number]]&" "&T_MTOTAL[[#This Row],[ORDER]] -> 8 2 | AJ21: =IF(INDEX(T_MATCHSUM[TEAM ONE],MATCH(T_MTOTAL[[#This Row],[Match Number]],T_MATCHSUM[Match Number],0))=T_MTOTAL[[#This Row],[Team]],INDEX(T_MATCHSUM[TEAM TWO],MATCH(T_MTOTAL[[#This Row],[Match Number]],T_MATCHSUM[Match Number],0)),INDEX(T_MATCHSUM[TEAM ONE],MATCH(T_MTOTAL[[#This Row],[Match Number]],T_MATCHSUM[Match Number],0))) -> UAE | AK21: =IF(OR(T_MTOTAL[[#This Row],[ORDER LINK]]="32 2",T_MTOTAL[[#This Row],[ORDER LINK]]="36 2"),50,IFERROR(IF(MATCH(T_MTOTAL[[#This Row],[ORDER LINK]],T_DL[link],0)>0, INDEX(T_DL[D/L Overs],MATCH(T_MTOTAL[[#This Row],[ORDER LINK]],T_DL[link],0)),IF(T_MTOTAL[[#This Row],[Wickets]]=10, 50,T_MTOTAL[[#This Row],[Overs]])),IF(T_MTOTAL[[#This Row],[Wickets]]=10, 50,T_MTOTAL[[#This Row],[Overs]]))) -> 48 | AL21: =(LEFT(T_MTOTAL[[#This Row],[Counting Overs]],IFERROR(FIND(".",T_MTOTAL[[#This Row],[Counting Overs]])-1,LEN(T_MTOTAL[[#This Row],[Counting Overs]])))*6) + IFERROR(IF(FIND(".",T_MTOTAL[[#This Row],[Counting Overs]])+1>0,RIGHT(T_MTOTAL[[#This Row],[Counting Overs]],1),0),0) -> 288 | AM21: =(LEFT(T_MTOTAL[[#This Row],[Overs]],IFERROR(FIND(".",T_MTOTAL[[#This Row],[Overs]])-1,LEN(T_MTOTAL[[#This Row],[Overs]])))*6) + IFERROR(IF(FIND(".",T_MTOTAL[[#This Row],[Overs]])+1>0,RIGHT(T_MTOTAL[[#This Row],[Overs]],1),0),0) -> 288 | AN21: =IFERROR(IF(MATCH(T_MTOTAL[[#This Row],[ORDER LINK]],T_DL[link],0)>0,INDEX(T_DL[d/l score],MATCH(T_MTOTAL[[#This Row],[ORDER LINK]],T_DL[link],0)),""),T_MTOTAL[[#This Row],[Total]]) -> 286 | AP21: 4 | AQ21: Pakistan | AR21: Wahab Riaz | AS21: 10 | AT21: 0 | AU21: 49 | AV21: 1 | AW21: 4.9 | AX21: 23 | AY21: 3 | AZ21: 0 | BC21: 4 | BD21: =CONCATENATE(Table9[[#This Row],[Match Number]],Table9[[#This Row],[Team]],Table9[[#This Row],[BOWL NUM]]) -> 4Pakistan4 | BE21: =IFERROR(IF(AND(Table9[[#This Row],[Team]]=I_TEAM,IFERROR(IF(MATCH(Table9[[#This Row],[Bowler]],$AR$5:AR20,0)>0,0),1)),1,0),"") | BF21: =(LEFT(Table9[[#This Row],[Overs]],IFERROR(FIND(".",Table9[[#This Row],[Overs]])-1,LEN(Table9[[#This Row],[Overs]])))*6) + IFERROR(IF(FIND(".",Table9[[#This Row],[Overs]])+1>0,RIGHT(Table9[[#This Row],[Overs]],1),0),0) -> 60 | BG21: =IF(INDEX(T_MATCHSUM[TEAM ONE],MATCH(Table9[[#This Row],[Match Number]],T_MATCHSUM[Match Number],0))=Table9[[#This Row],[Team]],INDEX(T_MATCHSUM[TEAM TWO],MATCH(Table9[[#This Row],[Match Number]],T_MATCHSUM[Match Number],0)),INDEX(T_MATCHSUM[TEAM ONE],MATCH(Table9[[#This Row],[Match Number]],T_MATCHSUM[Match Number],0))) -> INDIA | BH21: =IF(Table9[[#This Row],[Team]]=I_TEAM,Table9[[#This Row],[Wickets]]*100-Table9[[#This Row],[Runs]],0) -> #REF! | BI21: =Table9[[#This Row],[Wickets]]*100-Table9[[#This Row],[Runs]] -> 51 | BJ21: =IFERROR(IF(MATCH(Table9[[#This Row],[Bowler]],OFFSET(AR22,0,0,BOWLROWS-ROW(AR21)-ROW(Table9[[#Headers],[BOWLER CUML WICKETS]])),0)>0,0,SUMIF($AR$6:AR21,Table9[[#This Row],[Bowler]],$AV$6:AV21)),SUMIF($AR$6:AR21,Table9[[#This Row],[Bowler]],$AV$6:AV21)) -> 0 | BK21: =IFERROR(IF(MATCH(Table9[[#This Row],[Bowler]],OFFSET(AR22,0,0,BOWLROWS-ROW(AR21)-ROW(Table9[[#Headers],[BOWLER CUML WICKETS]])),0)>0,0,SUMIF($AR$6:AR21,Table9[[#This Row],[Bowler]],$AU$6:AU21)),SUMIF($AR$6:AR21,Table9[[#This Row],[Bowler]],$AU$6:AU21)) -> 0 | BL21: =Table9[[#This Row],[BOWLER CUML WICKETS]]*100-Table9[[#This Row],[BOWLER CUML RUNS]] -> 0
A22: 13 | B22: South Africa | C22: VD Philander | D22: lbw b Ashwin | E22: 0 | F22: 4 | G22: 2 | H22: 0 | I22: 0 | J22: 0 | K22: 8 | L22: =CONCATENATE(T_BATTINGDATA[[#This Row],[Match]],T_BATTINGDATA[[#This Row],[Team]],T_BATTINGDATA[[#This Row],[Bat Number]]) -> 13South Africa8 | M22: =IFERROR(IF(AND(T_BATTINGDATA[[#This Row],[Team]]=I_TEAM,IFERROR(IF(MATCH(T_BATTINGDATA[[#This Row],[BATSMAN NAME]],$O$5:O21,0)>0,0),1)),1,0),"") | N22: =IF(T_BATTINGDATA[[#This Row],[Team]]=I_TEAM,T_BATTINGDATA[[#This Row],[R]],0) -> #REF! | O22: =LEFT(T_BATTINGDATA[[#This Row],[Batsman]],IFERROR(FIND("*",T_BATTINGDATA[[#This Row],[Batsman]])-1,IFERROR(FIND("†",T_BATTINGDATA[[#This Row],[Batsman]])-1,LEN(T_BATTINGDATA[[#This Row],[Batsman]])))) -> VD Philander | P22: =IFERROR(IF(MATCH(T_BATTINGDATA[[#This Row],[BATSMAN NAME]],OFFSET(O23,0,0,BATROWS-ROW(O22)-ROW(T_BATTINGDATA[[#Headers],[BATSMAN NAME]])),0)>0,0,SUMIF($O$6:O22,T_BATTINGDATA[[#This Row],[BATSMAN NAME]],$E$6:E22)),SUMIF($O$6:O22,T_BATTINGDATA[[#This Row],[BATSMAN NAME]],$E$6:E22)) -> 0 | R22: 2 | S22: Australia | T22: 2 | U22: 3 | X22: 5 | Y22: =CONCATENATE(T_EXTRAS[[#This Row],[Match Number]],T_EXTRAS[[#This Row],[Team Batting]]) -> 2Australia | AA22: 9 | AB22: England | AC22: 10 | AD22: 123 | AE22: 3.69 | AF22: 33.2 | AG22: =T_MTOTAL[[#This Row],[Match Number]]&T_MTOTAL[[#This Row],[Team]] -> 9England | AH22: 1 | AI22: =T_MTOTAL[[#This Row],[Match Number]]&" "&T_MTOTAL[[#This Row],[ORDER]] -> 9 1 | AJ22: =IF(INDEX(T_MATCHSUM[TEAM ONE],MATCH(T_MTOTAL[[#This Row],[Match Number]],T_MATCHSUM[Match Number],0))=T_MTOTAL[[#This Row],[Team]],INDEX(T_MATCHSUM[TEAM TWO],MATCH(T_MTOTAL[[#This Row],[Match Number]],T_MATCHSUM[Match Number],0)),INDEX(T_MATCHSUM[TEAM ONE],MATCH(T_MTOTAL[[#This Row],[Match Number]],T_MATCHSUM[Match Number],0))) -> NEW ZEALAND | AK22: =IF(OR(T_MTOTAL[[#This Row],[ORDER LINK]]="32 2",T_MTOTAL[[#This Row],[ORDER LINK]]="36 2"),50,IFERROR(IF(MATCH(T_MTOTAL[[#This Row],[ORDER LINK]],T_DL[link],0)>0, INDEX(T_DL[D/L Overs],MATCH(T_MTOTAL[[#This Row],[ORDER LINK]],T_DL[link],0)),IF(T_MTOTAL[[#This Row],[Wickets]]=10, 50,T_MTOTAL[[#This Row],[Overs]])),IF(T_MTOTAL[[#This Row],[Wickets]]=10, 50,T_MTOTAL[[#This Row],[Overs]]))) -> 50 | AL22: =(LEFT(T_MTOTAL[[#This Row],[Counting Overs]],IFERROR(FIND(".",T_MTOTAL[[#This Row],[Counting Overs]])-1,LEN(T_MTOTAL[[#This Row],[Counting Overs]])))*6) + IFERROR(IF(FIND(".",T_MTOTAL[[#This Row],[Counting Overs]])+1>0,RIGHT(T_MTOTAL[[#This Row],[Counting Overs]],1),0),0) -> 300 | AM22: =(LEFT(T_MTOTAL[[#This Row],[Overs]],IFERROR(FIND(".",T_MTOTAL[[#This Row],[Overs]])-1,LEN(T_MTOTAL[[#This Row],[Overs]])))*6) + IFERROR(IF(FIND(".",T_MTOTAL[[#This Row],[Overs]])+1>0,RIGHT(T_MTOTAL[[#This Row],[Overs]],1),0),0) -> 200 | AN22: =IFERROR(IF(MATCH(T_MTOTAL[[#This Row],[ORDER LINK]],T_DL[link],0)>0,INDEX(T_DL[d/l score],MATCH(T_MTOTAL[[#This Row],[ORDER LINK]],T_DL[link],0)),""),T_MTOTAL[[#This Row],[Total]]) -> 123 | AP22: 4 | AQ22: Pakistan | AR22: Yasir Shah | AS22: 8 | AT22: 0 | AU22: 60 | AV22: 0 | AW22: 7.5 | AX22: 14 | AY22: 6 | AZ22: 1 | BC22: 5 | BD22: =CONCATENATE(Table9[[#This Row],[Match Number]],Table9[[#This Row],[Team]],Table9[[#This Row],[BOWL NUM]]) -> 4Pakistan5 | BE22: =IFERROR(IF(AND(Table9[[#This Row],[Team]]=I_TEAM,IFERROR(IF(MATCH(Table9[[#This Row],[Bowler]],$AR$5:AR21,0)>0,0),1)),1,0),"") | BF22: =(LEFT(Table9[[#This Row],[Overs]],IFERROR(FIND(".",Table9[[#This Row],[Overs]])-1,LEN(Table9[[#This Row],[Overs]])))*6) + IFERROR(IF(FIND(".",Table9[[#This Row],[Overs]])+1>0,RIGHT(Table9[[#This Row],[Overs]],1),0),0) -> 48 | BG22: =IF(INDEX(T_MATCHSUM[TEAM ONE],MATCH(Table9[[#This Row],[Match Number]],T_MATCHSUM[Match Number],0))=Table9[[#This Row],[Team]],INDEX(T_MATCHSUM[TEAM TWO],MATCH(Table9[[#This Row],[Match Number]],T_MATCHSUM[Match Number],0)),INDEX(T_MATCHSUM[TEAM ONE],MATCH(Table9[[#This Row],[Match Number]],T_MATCHSUM[Match Number],0))) -> INDIA | BH22: =IF(Table9[[#This Row],[Team]]=I_TEAM,Table9[[#This Row],[Wickets]]*100-Table9[[#This Row],[Runs]],0) -> #REF! | BI22: =Table9[[#This Row],[Wickets]]*100-Table9[[#This Row],[Runs]] -> -60 | BJ22: =IFERROR(IF(MATCH(Table9[[#This Row],[Bowler]],OFFSET(AR23,0,0,BOWLROWS-ROW(AR22)-ROW(Table9[[#Headers],[BOWLER CUML WICKETS]])),0)>0,0,SUMIF($AR$6:AR22,Table9[[#This Row],[Bowler]],$AV$6:AV22)),SUMIF($AR$6:AR22,Table9[[#This Row],[Bowler]],$AV$6:AV22)) -> 0 | BK22: =IFERROR(IF(MATCH(Table9[[#This Row],[Bowler]],OFFSET(AR23,0,0,BOWLROWS-ROW(AR22)-ROW(Table9[[#Headers],[BOWLER CUML WICKETS]])),0)>0,0,SUMIF($AR$6:AR22,Table9[[#This Row],[Bowler]],$AU$6:AU22)),SUMIF($AR$6:AR22,Table9[[#This Row],[Bowler]],$AU$6:AU22)) -> 60 | BL22: =Table9[[#This Row],[BOWLER CUML WICKETS]]*100-Table9[[#This Row],[BOWLER CUML RUNS]] -> -60
A23: 13 | B23: South Africa | C23: DW Steyn | D23: c Dhawan b Mohammed Shami | E23: 1 | F23: 8 | G23: 7 | H23: 0 | I23: 0 | J23: 14.28 | K23: 9 | L23: =CONCATENATE(T_BATTINGDATA[[#This Row],[Match]],T_BATTINGDATA[[#This Row],[Team]],T_BATTINGDATA[[#This Row],[Bat Number]]) -> 13South Africa9 | M23: =IFERROR(IF(AND(T_BATTINGDATA[[#This Row],[Team]]=I_TEAM,IFERROR(IF(MATCH(T_BATTINGDATA[[#This Row],[BATSMAN NAME]],$O$5:O22,0)>0,0),1)),1,0),"") | N23: =IF(T_BATTINGDATA[[#This Row],[Team]]=I_TEAM,T_BATTINGDATA[[#This Row],[R]],0) -> #REF! | O23: =LEFT(T_BATTINGDATA[[#This Row],[Batsman]],IFERROR(FIND("*",T_BATTINGDATA[[#This Row],[Batsman]])-1,IFERROR(FIND("†",T_BATTINGDATA[[#This Row],[Batsman]])-1,LEN(T_BATTINGDATA[[#This Row],[Batsman]])))) -> DW Steyn | P23: =IFERROR(IF(MATCH(T_BATTINGDATA[[#This Row],[BATSMAN NAME]],OFFSET(O24,0,0,BATROWS-ROW(O23)-ROW(T_BATTINGDATA[[#Headers],[BATSMAN NAME]])),0)>0,0,SUMIF($O$6:O23,T_BATTINGDATA[[#This Row],[BATSMAN NAME]],$E$6:E23)),SUMIF($O$6:O23,T_BATTINGDATA[[#This Row],[BATSMAN NAME]],$E$6:E23)) -> 0 | R23: 2 | S23: England | T23: 5 | U23: 11 | X23: 16 | Y23: =CONCATENATE(T_EXTRAS[[#This Row],[Match Number]],T_EXTRAS[[#This Row],[Team Batting]]) -> 2England | AA23: 9 | AB23: New Zealand | AC23: 2 | AD23: 125 | AE23: 10.13 | AF23: 12.2 | AG23: =T_MTOTAL[[#This Row],[Match Number]]&T_MTOTAL[[#This Row],[Team]] -> 9New Zealand | AH23: 2 | AI23: =T_MTOTAL[[#This Row],[Match Number]]&" "&T_MTOTAL[[#This Row],[ORDER]] -> 9 2 | AJ23: =IF(INDEX(T_MATCHSUM[TEAM ONE],MATCH(T_MTOTAL[[#This Row],[Match Number]],T_MATCHSUM[Match Number],0))=T_MTOTAL[[#This Row],[Team]],INDEX(T_MATCHSUM[TEAM TWO],MATCH(T_MTOTAL[[#This Row],[Match Number]],T_MATCHSUM[Match Number],0)),INDEX(T_MATCHSUM[TEAM ONE],MATCH(T_MTOTAL[[#This Row],[Match Number]],T_MATCHSUM[Match Number],0))) -> ENGLAND | AK23: =IF(OR(T_MTOTAL[[#This Row],[ORDER LINK]]="32 2",T_MTOTAL[[#This Row],[ORDER LINK]]="36 2"),50,IFERROR(IF(MATCH(T_MTOTAL[[#This Row],[ORDER LINK]],T_DL[link],0)>0, INDEX(T_DL[D/L Overs],MATCH(T_MTOTAL[[#This Row],[ORDER LINK]],T_DL[link],0)),IF(T_MTOTAL[[#This Row],[Wickets]]=10, 50,T_MTOTAL[[#This Row],[Overs]])),IF(T_MTOTAL[[#This Row],[Wickets]]=10, 50,T_MTOTAL[[#This Row],[Overs]]))) -> 12.2 | AL23: =(LEFT(T_MTOTAL[[#This Row],[Counting Overs]],IFERROR(FIND(".",T_MTOTAL[[#This Row],[Counting Overs]])-1,LEN(T_MTOTAL[[#This Row],[Counting Overs]])))*6) + IFERROR(IF(FIND(".",T_MTOTAL[[#This Row],[Counting Overs]])+1>0,RIGHT(T_MTOTAL[[#This Row],[Counting Overs]],1),0),0) -> 74 | AM23: =(LEFT(T_MTOTAL[[#This Row],[Overs]],IFERROR(FIND(".",T_MTOTAL[[#This Row],[Overs]])-1,LEN(T_MTOTAL[[#This Row],[Overs]])))*6) + IFERROR(IF(FIND(".",T_MTOTAL[[#This Row],[Overs]])+1>0,RIGHT(T_MTOTAL[[#This Row],[Overs]],1),0),0) -> 74 | AN23: =IFERROR(IF(MATCH(T_MTOTAL[[#This Row],[ORDER LINK]],T_DL[link],0)>0,INDEX(T_DL[d/l score],MATCH(T_MTOTAL[[#This Row],[ORDER LINK]],T_DL[link],0)),""),T_MTOTAL[[#This Row],[Total]]) -> 125 | AP23: 4 | AQ23: Pakistan | AR23: Haris Sohail | AS23: 4 | AT23: 0 | AU23: 26 | AV23: 0 | AW23: 6.5 | AX23: 9 | AY23: 1 | AZ23: 1 | BC23: 6 | BD23: =CONCATENATE(Table9[[#This Row],[Match Number]],Table9[[#This Row],[Team]],Table9[[#This Row],[BOWL NUM]]) -> 4Pakistan6 | BE23: =IFERROR(IF(AND(Table9[[#This Row],[Team]]=I_TEAM,IFERROR(IF(MATCH(Table9[[#This Row],[Bowler]],$AR$5:AR22,0)>0,0),1)),1,0),"") | BF23: =(LEFT(Table9[[#This Row],[Overs]],IFERROR(FIND(".",Table9[[#This Row],[Overs]])-1,LEN(Table9[[#This Row],[Overs]])))*6) + IFERROR(IF(FIND(".",Table9[[#This Row],[Overs]])+1>0,RIGHT(Table9[[#This Row],[Overs]],1),0),0) -> 24 | BG23: =IF(INDEX(T_MATCHSUM[TEAM ONE],MATCH(Table9[[#This Row],[Match Number]],T_MATCHSUM[Match Number],0))=Table9[[#This Row],[Team]],INDEX(T_MATCHSUM[TEAM TWO],MATCH(Table9[[#This Row],[Match Number]],T_MATCHSUM[Match Number],0)),INDEX(T_MATCHSUM[TEAM ONE],MATCH(Table9[[#This Row],[Match Number]],T_MATCHSUM[Match Number],0))) -> INDIA | BH23: =IF(Table9[[#This Row],[Team]]=I_TEAM,Table9[[#This Row],[Wickets]]*100-Table9[[#This Row],[Runs]],0) -> #REF! | BI23: =Table9[[#This Row],[Wickets]]*100-Table9[[#This Row],[Runs]] -> -26 | BJ23: =IFERROR(IF(MATCH(Table9[[#This Row],[Bowler]],OFFSET(AR24,0,0,BOWLROWS-ROW(AR23)-ROW(Table9[[#Headers],[BOWLER CUML WICKETS]])),0)>0,0,SUMIF($AR$6:AR23,Table9[[#This Row],[Bowler]],$AV$6:AV23)),SUMIF($AR$6:AR23,Table9[[#This Row],[Bowler]],$AV$6:AV23)) -> 0 | BK23: =IFERROR(IF(MATCH(Table9[[#This Row],[Bowler]],OFFSET(AR24,0,0,BOWLROWS-ROW(AR23)-ROW(Table9[[#Headers],[BOWLER CUML WICKETS]])),0)>0,0,SUMIF($AR$6:AR23,Table9[[#This Row],[Bowler]],$AU$6:AU23)),SUMIF($AR$6:AR23,Table9[[#This Row],[Bowler]],$AU$6:AU23)) -> 0 | BL23: =Table9[[#This Row],[BOWLER CUML WICKETS]]*100-Table9[[#This Row],[BOWLER CUML RUNS]] -> 0
A24: 13 | B24: South Africa | C24: M Morkel | D24: b Ashwin | E24: 2 | F24: 3 | G24: 5 | H24: 0 | I24: 0 | J24: 40 | K24: 10 | L24: =CONCATENATE(T_BATTINGDATA[[#This Row],[Match]],T_BATTINGDATA[[#This Row],[Team]],T_BATTINGDATA[[#This Row],[Bat Number]]) -> 13South Africa10 | M24: =IFERROR(IF(AND(T_BATTINGDATA[[#This Row],[Team]]=I_TEAM,IFERROR(IF(MATCH(T_BATTINGDATA[[#This Row],[BATSMAN NAME]],$O$5:O23,0)>0,0),1)),1,0),"") | N24: =IF(T_BATTINGDATA[[#This Row],[Team]]=I_TEAM,T_BATTINGDATA[[#This Row],[R]],0) -> #REF! | O24: =LEFT(T_BATTINGDATA[[#This Row],[Batsman]],IFERROR(FIND("*",T_BATTINGDATA[[#This Row],[Batsman]])-1,IFERROR(FIND("†",T_BATTINGDATA[[#This Row],[Batsman]])-1,LEN(T_BATTINGDATA[[#This Row],[Batsman]])))) -> M Morkel | P24: =IFERROR(IF(MATCH(T_BATTINGDATA[[#This Row],[BATSMAN NAME]],OFFSET(O25,0,0,BATROWS-ROW(O24)-ROW(T_BATTINGDATA[[#Headers],[BATSMAN NAME]])),0)>0,0,SUMIF($O$6:O24,T_BATTINGDATA[[#This Row],[BATSMAN NAME]],$E$6:E24)),SUMIF($O$6:O24,T_BATTINGDATA[[#This Row],[BATSMAN NAME]],$E$6:E24)) -> 0 | R24: 3 | S24: South Africa | T24: 1 | U24: 16 | V24: 2 | X24: 19 | Y24: =CONCATENATE(T_EXTRAS[[#This Row],[Match Number]],T_EXTRAS[[#This Row],[Team Batting]]) -> 3South Africa | AA24: 10 | AB24: West Indies | AC24: 6 | AD24: 310 | AE24: 6.2 | AF24: 50 | AG24: =T_MTOTAL[[#This Row],[Match Number]]&T_MTOTAL[[#This Row],[Team]] -> 10West Indies | AH24: 1 | AI24: =T_MTOTAL[[#This Row],[Match Number]]&" "&T_MTOTAL[[#This Row],[ORDER]] -> 10 1 | AJ24: =IF(INDEX(T_MATCHSUM[TEAM ONE],MATCH(T_MTOTAL[[#This Row],[Match Number]],T_MATCHSUM[Match Number],0))=T_MTOTAL[[#This Row],[Team]],INDEX(T_MATCHSUM[TEAM TWO],MATCH(T_MTOTAL[[#This Row],[Match Number]],T_MATCHSUM[Match Number],0)),INDEX(T_MATCHSUM[TEAM ONE],MATCH(T_MTOTAL[[#This Row],[Match Number]],T_MATCHSUM[Match Number],0))) -> PAKISTAN | AK24: =IF(OR(T_MTOTAL[[#This Row],[ORDER LINK]]="32 2",T_MTOTAL[[#This Row],[ORDER LINK]]="36 2"),50,IFERROR(IF(MATCH(T_MTOTAL[[#This Row],[ORDER LINK]],T_DL[link],0)>0, INDEX(T_DL[D/L Overs],MATCH(T_MTOTAL[[#This Row],[ORDER LINK]],T_DL[link],0)),IF(T_MTOTAL[[#This Row],[Wickets]]=10, 50,T_MTOTAL[[#This Row],[Overs]])),IF(T_MTOTAL[[#This Row],[Wickets]]=10, 50,T_MTOTAL[[#This Row],[Overs]]))) -> 50 | AL24: =(LEFT(T_MTOTAL[[#This Row],[Counting Overs]],IFERROR(FIND(".",T_MTOTAL[[#This Row],[Counting Overs]])-1,LEN(T_MTOTAL[[#This Row],[Counting Overs]])))*6) + IFERROR(IF(FIND(".",T_MTOTAL[[#This Row],[Counting Overs]])+1>0,RIGHT(T_MTOTAL[[#This Row],[Counting Overs]],1),0),0) -> 300 | AM24: =(LEFT(T_MTOTAL[[#This Row],[Overs]],IFERROR(FIND(".",T_MTOTAL[[#This Row],[Overs]])-1,LEN(T_MTOTAL[[#This Row],[Overs]])))*6) + IFERROR(IF(FIND(".",T_MTOTAL[[#This Row],[Overs]])+1>0,RIGHT(T_MTOTAL[[#This Row],[Overs]],1),0),0) -> 300 | AN24: =IFERROR(IF(MATCH(T_MTOTAL[[#This Row],[ORDER LINK]],T_DL[link],0)>0,INDEX(T_DL[d/l score],MATCH(T_MTOTAL[[#This Row],[ORDER LINK]],T_DL[link],0)),""),T_MTOTAL[[#This Row],[Total]]) -> 310 | AP24: 4 | AQ24: India | AR24: UT Yadav | AS24: 10 | AT24: 0 | AU24: 50 | AV24: 2 | AW24: 5 | AX24: 37 | AY24: 7 | AZ24: 0 | BA24: 5 | BC24: 1 | BD24: =CONCATENATE(Table9[[#This Row],[Match Number]],Table9[[#This Row],[Team]],Table9[[#This Row],[BOWL NUM]]) -> 4India1 | BE24: =IFERROR(IF(AND(Table9[[#This Row],[Team]]=I_TEAM,IFERROR(IF(MATCH(Table9[[#This Row],[Bowler]],$AR$5:AR23,0)>0,0),1)),1,0),"") | BF24: =(LEFT(Table9[[#This Row],[Overs]],IFERROR(FIND(".",Table9[[#This Row],[Overs]])-1,LEN(Table9[[#This Row],[Overs]])))*6) + IFERROR(IF(FIND(".",Table9[[#This Row],[Overs]])+1>0,RIGHT(Table9[[#This Row],[Overs]],1),0),0) -> 60 | BG24: =IF(INDEX(T_MATCHSUM[TEAM ONE],MATCH(Table9[[#This Row],[Match Number]],T_MATCHSUM[Match Number],0))=Table9[[#This Row],[Team]],INDEX(T_MATCHSUM[TEAM TWO],MATCH(Table9[[#This Row],[Match Number]],T_MATCHSUM[Match Number],0)),INDEX(T_MATCHSUM[TEAM ONE],MATCH(Table9[[#This Row],[Match Number]],T_MATCHSUM[Match Number],0))) -> PAKISTAN | BH24: =IF(Table9[[#This Row],[Team]]=I_TEAM,Table9[[#This Row],[Wickets]]*100-Table9[[#This Row],[Runs]],0) -> #REF! | BI24: =Table9[[#This Row],[Wickets]]*100-Table9[[#This Row],[Runs]] -> 150 | BJ24: =IFERROR(IF(MATCH(Table9[[#This Row],[Bowler]],OFFSET(AR25,0,0,BOWLROWS-ROW(AR24)-ROW(Table9[[#Headers],[BOWLER CUML WICKETS]])),0)>0,0,SUMIF($AR$6:AR24,Table9[[#This Row],[Bowler]],$AV$6:AV24)),SUMIF($AR$6:AR24,Table9[[#This Row],[Bowler]],$AV$6:AV24)) -> 0 | BK24: =IFERROR(IF(MATCH(Table9[[#This Row],[Bowler]],OFFSET(AR25,0,0,BOWLROWS-ROW(AR24)-ROW(Table9[[#Headers],[BOWLER CUML WICKETS]])),0)>0,0,SUMIF($AR$6:AR24,Table9[[#This Row],[Bowler]],$AU$6:AU24)),SUMIF($AR$6:AR24,Table9[[#This Row],[Bowler]],$AU$6:AU24)) -> 0 | BL24: =Table9[[#This Row],[BOWLER CUML WICKETS]]*100-Table9[[#This Row],[BOWLER CUML RUNS]] -> 0
A25: 13 | B25: South Africa | C25: Imran Tahir | D25: lbw b Jadeja | E25: 8 | F25: 11 | G25: 10 | H25: 1 | I25: 0 | J25: 80 | K25: 11 | L25: =CONCATENATE(T_BATTINGDATA[[#This Row],[Match]],T_BATTINGDATA[[#This Row],[Team]],T_BATTINGDATA[[#This Row],[Bat Number]]) -> 13South Africa11 | M25: =IFERROR(IF(AND(T_BATTINGDATA[[#This Row],[Team]]=I_TEAM,IFERROR(IF(MATCH(T_BATTINGDATA[[#This Row],[BATSMAN NAME]],$O$5:O24,0)>0,0),1)),1,0),"") | N25: =IF(T_BATTINGDATA[[#This Row],[Team]]=I_TEAM,T_BATTINGDATA[[#This Row],[R]],0) -> #REF! | O25: =LEFT(T_BATTINGDATA[[#This Row],[Batsman]],IFERROR(FIND("*",T_BATTINGDATA[[#This Row],[Batsman]])-1,IFERROR(FIND("†",T_BATTINGDATA[[#This Row],[Batsman]])-1,LEN(T_BATTINGDATA[[#This Row],[Batsman]])))) -> Imran Tahir | P25: =IFERROR(IF(MATCH(T_BATTINGDATA[[#This Row],[BATSMAN NAME]],OFFSET(O26,0,0,BATROWS-ROW(O25)-ROW(T_BATTINGDATA[[#Headers],[BATSMAN NAME]])),0)>0,0,SUMIF($O$6:O25,T_BATTINGDATA[[#This Row],[BATSMAN NAME]],$E$6:E25)),SUMIF($O$6:O25,T_BATTINGDATA[[#This Row],[BATSMAN NAME]],$E$6:E25)) -> 0 | R25: 3 | S25: Zimbabwe | T25: 13 | U25: 9 | V25: 0 | W25: 0 | X25: 22 | Y25: =CONCATENATE(T_EXTRAS[[#This Row],[Match Number]],T_EXTRAS[[#This Row],[Team Batting]]) -> 3Zimbabwe | AA25: 10 | AB25: Pakistan | AC25: 10 | AD25: 160 | AE25: 4.1 | AF25: 39 | AG25: =T_MTOTAL[[#This Row],[Match Number]]&T_MTOTAL[[#This Row],[Team]] -> 10Pakistan | AH25: 2 | AI25: =T_MTOTAL[[#This Row],[Match Number]]&" "&T_MTOTAL[[#This Row],[ORDER]] -> 10 2 | AJ25: =IF(INDEX(T_MATCHSUM[TEAM ONE],MATCH(T_MTOTAL[[#This Row],[Match Number]],T_MATCHSUM[Match Number],0))=T_MTOTAL[[#This Row],[Team]],INDEX(T_MATCHSUM[TEAM TWO],MATCH(T_MTOTAL[[#This Row],[Match Number]],T_MATCHSUM[Match Number],0)),INDEX(T_MATCHSUM[TEAM ONE],MATCH(T_MTOTAL[[#This Row],[Match Number]],T_MATCHSUM[Match Number],0))) -> WEST INDIES | AK25: =IF(OR(T_MTOTAL[[#This Row],[ORDER LINK]]="32 2",T_MTOTAL[[#This Row],[ORDER LINK]]="36 2"),50,IFERROR(IF(MATCH(T_MTOTAL[[#This Row],[ORDER LINK]],T_DL[link],0)>0, INDEX(T_DL[D/L Overs],MATCH(T_MTOTAL[[#This Row],[ORDER LINK]],T_DL[link],0)),IF(T_MTOTAL[[#This Row],[Wickets]]=10, 50,T_MTOTAL[[#This Row],[Overs]])),IF(T_MTOTAL[[#This Row],[Wickets]]=10, 50,T_MTOTAL[[#This Row],[Overs]]))) -> 50 | AL25: =(LEFT(T_MTOTAL[[#This Row],[Counting Overs]],IFERROR(FIND(".",T_MTOTAL[[#This Row],[Counting Overs]])-1,LEN(T_MTOTAL[[#This Row],[Counting Overs]])))*6) + IFERROR(IF(FIND(".",T_MTOTAL[[#This Row],[Counting Overs]])+1>0,RIGHT(T_MTOTAL[[#This Row],[Counting Overs]],1),0),0) -> 300 | AM25: =(LEFT(T_MTOTAL[[#This Row],[Overs]],IFERROR(FIND(".",T_MTOTAL[[#This Row],[Overs]])-1,LEN(T_MTOTAL[[#This Row],[Overs]])))*6) + IFERROR(IF(FIND(".",T_MTOTAL[[#This Row],[Overs]])+1>0,RIGHT(T_MTOTAL[[#This Row],[Overs]],1),0),0) -> 234 | AN25: =IFERROR(IF(MATCH(T_MTOTAL[[#This Row],[ORDER LINK]],T_DL[link],0)>0,INDEX(T_DL[d/l score],MATCH(T_MTOTAL[[#This Row],[ORDER LINK]],T_DL[link],0)),""),T_MTOTAL[[#This Row],[Total]]) -> 160 | AP25: 4 | AQ25: India | AR25: Mohammed Shami | AS25: 9 | AT25: 1 | AU25: 35 | AV25: 4 | AW25: 3.88 | AX25: 38 | AY25: 4 | AZ25: 0 | BA25: 4 | BC25: 2 | BD25: =CONCATENATE(Table9[[#This Row],[Match Number]],Table9[[#This Row],[Team]],Table9[[#This Row],[BOWL NUM]]) -> 4India2 | BE25: =IFERROR(IF(AND(Table9[[#This Row],[Team]]=I_TEAM,IFERROR(IF(MATCH(Table9[[#This Row],[Bowler]],$AR$5:AR24,0)>0,0),1)),1,0),"") | BF25: =(LEFT(Table9[[#This Row],[Overs]],IFERROR(FIND(".",Table9[[#This Row],[Overs]])-1,LEN(Table9[[#This Row],[Overs]])))*6) + IFERROR(IF(FIND(".",Table9[[#This Row],[Overs]])+1>0,RIGHT(Table9[[#This Row],[Overs]],1),0),0) -> 54 | BG25: =IF(INDEX(T_MATCHSUM[TEAM ONE],MATCH(Table9[[#This Row],[Match Number]],T_MATCHSUM[Match Number],0))=Table9[[#This Row],[Team]],INDEX(T_MATCHSUM[TEAM TWO],MATCH(Table9[[#This Row],[Match Number]],T_MATCHSUM[Match Number],0)),INDEX(T_MATCHSUM[TEAM ONE],MATCH(Table9[[#This Row],[Match Number]],T_MATCHSUM[Match Number],0))) -> PAKISTAN | BH25: =IF(Table9[[#This Row],[Team]]=I_TEAM,Table9[[#This Row],[Wickets]]*100-Table9[[#This Row],[Runs]],0) -> #REF! | BI25: =Table9[[#This Row],[Wickets]]*100-Table9[[#This Row],[Runs]] -> 365 | BJ25: =IFERROR(IF(MATCH(Table9[[#This Row],[Bowler]],OFFSET(AR26,0,0,BOWLROWS-ROW(AR25)-ROW(Table9[[#Headers],[BOWLER CUML WICKETS]])),0)>0,0,SUMIF($AR$6:AR25,Table9[[#This Row],[Bowler]],$AV$6:AV25)),SUMIF($AR$6:AR25,Table9[[#This Row],[Bowler]],$AV$6:AV25)) -> 0 | BK25: =IFERROR(IF(MATCH(Table9[[#This Row],[Bowler]],OFFSET(AR26,0,0,BOWLROWS-ROW(AR25)-ROW(Table9[[#Headers],[BOWLER CUML WICKETS]])),0)>0,0,SUMIF($AR$6:AR25,Table9[[#This Row],[Bowler]],$AU$6:AU25)),SUMIF($AR$6:AR25,Table9[[#This Row],[Bowler]],$AU$6:AU25)) -> 0 | BL25: =Table9[[#This Row],[BOWLER CUML WICKETS]]*100-Table9[[#This Row],[BOWLER CUML RUNS]] -> 0
A26: 4 | B26: India | C26: RG Sharma | D26: c Misbah-ul-Haq b Sohail Khan | E26: 15 | F26: 35 | G26: 20 | H26: 2 | I26: 0 | J26: 75 | K26: 1 | L26: =CONCATENATE(T_BATTINGDATA[[#This Row],[Match]],T_BATTINGDATA[[#This Row],[Team]],T_BATTINGDATA[[#This Row],[Bat Number]]) -> 4India1 | M26: =IFERROR(IF(AND(T_BATTINGDATA[[#This Row],[Team]]=I_TEAM,IFERROR(IF(MATCH(T_BATTINGDATA[[#This Row],[BATSMAN NAME]],$O$5:O25,0)>0,0),1)),1,0),"") | N26: =IF(T_BATTINGDATA[[#This Row],[Team]]=I_TEAM,T_BATTINGDATA[[#This Row],[R]],0) -> #REF! | O26: =LEFT(T_BATTINGDATA[[#This Row],[Batsman]],IFERROR(FIND("*",T_BATTINGDATA[[#This Row],[Batsman]])-1,IFERROR(FIND("†",T_BATTINGDATA[[#This Row],[Batsman]])-1,LEN(T_BATTINGDATA[[#This Row],[Batsman]])))) -> RG Sharma | P26: =IFERROR(IF(MATCH(T_BATTINGDATA[[#This Row],[BATSMAN NAME]],OFFSET(O27,0,0,BATROWS-ROW(O26)-ROW(T_BATTINGDATA[[#Headers],[BATSMAN NAME]])),0)>0,0,SUMIF($O$6:O26,T_BATTINGDATA[[#This Row],[BATSMAN NAME]],$E$6:E26)),SUMIF($O$6:O26,T_BATTINGDATA[[#This Row],[BATSMAN NAME]],$E$6:E26)) -> 0 | R26: 5 | S26: West Indies | T26: 1 | U26: 9 | V26: 0 | W26: 0 | X26: 10 | Y26: =CONCATENATE(T_EXTRAS[[#This Row],[Match Number]],T_EXTRAS[[#This Row],[Team Batting]]) -> 5West Indies | AA26: 11 | AB26: Australia | AC26: 0 | AD26: 0 | AF26: 0 | AG26: =T_MTOTAL[[#This Row],[Match Number]]&T_MTOTAL[[#This Row],[Team]] -> 11Australia | AH26: 1 | AI26: =T_MTOTAL[[#This Row],[Match Number]]&" "&T_MTOTAL[[#This Row],[ORDER]] -> 11 1 | AJ26: =IF(INDEX(T_MATCHSUM[TEAM ONE],MATCH(T_MTOTAL[[#This Row],[Match Number]],T_MATCHSUM[Match Number],0))=T_MTOTAL[[#This Row],[Team]],INDEX(T_MATCHSUM[TEAM TWO],MATCH(T_MTOTAL[[#This Row],[Match Number]],T_MATCHSUM[Match Number],0)),INDEX(T_MATCHSUM[TEAM ONE],MATCH(T_MTOTAL[[#This Row],[Match Number]],T_MATCHSUM[Match Number],0))) -> BANGLADESH | AK26: =IF(OR(T_MTOTAL[[#This Row],[ORDER LINK]]="32 2",T_MTOTAL[[#This Row],[ORDER LINK]]="36 2"),50,IFERROR(IF(MATCH(T_MTOTAL[[#This Row],[ORDER LINK]],T_DL[link],0)>0, INDEX(T_DL[D/L Overs],MATCH(T_MTOTAL[[#This Row],[ORDER LINK]],T_DL[link],0)),IF(T_MTOTAL[[#This Row],[Wickets]]=10, 50,T_MTOTAL[[#This Row],[Overs]])),IF(T_MTOTAL[[#This Row],[Wickets]]=10, 50,T_MTOTAL[[#This Row],[Overs]]))) -> 0 | AL26: =(LEFT(T_MTOTAL[[#This Row],[Counting Overs]],IFERROR(FIND(".",T_MTOTAL[[#This Row],[Counting Overs]])-1,LEN(T_MTOTAL[[#This Row],[Counting Overs]])))*6) + IFERROR(IF(FIND(".",T_MTOTAL[[#This Row],[Counting Overs]])+1>0,RIGHT(T_MTOTAL[[#This Row],[Counting Overs]],1),0),0) -> 0 | AM26: =(LEFT(T_MTOTAL[[#This Row],[Overs]],IFERROR(FIND(".",T_MTOTAL[[#This Row],[Overs]])-1,LEN(T_MTOTAL[[#This Row],[Overs]])))*6) + IFERROR(IF(FIND(".",T_MTOTAL[[#This Row],[Overs]])+1>0,RIGHT(T_MTOTAL[[#This Row],[Overs]],1),0),0) -> 0 | AN26: =IFERROR(IF(MATCH(T_MTOTAL[[#This Row],[ORDER LINK]],T_DL[link],0)>0,INDEX(T_DL[d/l score],MATCH(T_MTOTAL[[#This Row],[ORDER LINK]],T_DL[link],0)),""),T_MTOTAL[[#This Row],[Total]]) -> 0 | AP26: 4 | AQ26: India | AR26: MM Sharma | AS26: 9 | AT26: 0 | AU26: 35 | AV26: 2 | AW26: 3.88 | AX26: 33 | AY26: 2 | AZ26: 0 | BB26: 1 | BC26: 3 | BD26: =CONCATENATE(Table9[[#This Row],[Match Number]],Table9[[#This Row],[Team]],Table9[[#This Row],[BOWL NUM]]) -> 4India3 | BE26: =IFERROR(IF(AND(Table9[[#This Row],[Team]]=I_TEAM,IFERROR(IF(MATCH(Table9[[#This Row],[Bowler]],$AR$5:AR25,0)>0,0),1)),1,0),"") | BF26: =(LEFT(Table9[[#This Row],[Overs]],IFERROR(FIND(".",Table9[[#This Row],[Overs]])-1,LEN(Table9[[#This Row],[Overs]])))*6) + IFERROR(IF(FIND(".",Table9[[#This Row],[Overs]])+1>0,RIGHT(Table9[[#This Row],[Overs]],1),0),0) -> 54 | BG26: =IF(INDEX(T_MATCHSUM[TEAM ONE],MATCH(Table9[[#This Row],[Match Number]],T_MATCHSUM[Match Number],0))=Table9[[#This Row],[Team]],INDEX(T_MATCHSUM[TEAM TWO],MATCH(Table9[[#This Row],[Match Number]],T_MATCHSUM[Match Number],0)),INDEX(T_MATCHSUM[TEAM ONE],MATCH(Table9[[#This Row],[Match Number]],T_MATCHSUM[Match Number],0))) -> PAKISTAN | BH26: =IF(Table9[[#This Row],[Team]]=I_TEAM,Table9[[#This Row],[Wickets]]*100-Table9[[#This Row],[Runs]],0) -> #REF! | BI26: =Table9[[#This Row],[Wickets]]*100-Table9[[#This Row],[Runs]] -> 165 | BJ26: =IFERROR(IF(MATCH(Table9[[#This Row],[Bowler]],OFFSET(AR27,0,0,BOWLROWS-ROW(AR26)-ROW(Table9[[#Headers],[BOWLER CUML WICKETS]])),0)>0,0,SUMIF($AR$6:AR26,Table9[[#This Row],[Bowler]],$AV$6:AV26)),SUMIF($AR$6:AR26,Table9[[#This Row],[Bowler]],$AV$6:AV26)) -> 0 | BK26: =IFERROR(IF(MATCH(Table9[[#This Row],[Bowler]],OFFSET(AR27,0,0,BOWLROWS-ROW(AR26)-ROW(Table9[[#Headers],[BOWLER CUML WICKETS]])),0)>0,0,SUMIF($AR$6:AR26,Table9[[#This Row],[Bowler]],$AU$6:AU26)),SUMIF($AR$6:AR26,Table9[[#This Row],[Bowler]],$AU$6:AU26)) -> 0 | BL26: =Table9[[#This Row],[BOWLER CUML WICKETS]]*100-Table9[[#This Row],[BOWLER CUML RUNS]] -> 0
A27: 4 | B27: India | C27: S Dhawan | D27: run out (Misbah-ul-Haq) | E27: 73 | F27: 136 | G27: 76 | H27: 7 | I27: 1 | J27: 96.05 | K27: 2 | L27: =CONCATENATE(T_BATTINGDATA[[#This Row],[Match]],T_BATTINGDATA[[#This Row],[Team]],T_BATTINGDATA[[#This Row],[Bat Number]]) -> 4India2 | M27: =IFERROR(IF(AND(T_BATTINGDATA[[#This Row],[Team]]=I_TEAM,IFERROR(IF(MATCH(T_BATTINGDATA[[#This Row],[BATSMAN NAME]],$O$5:O26,0)>0,0),1)),1,0),"") | N27: =IF(T_BATTINGDATA[[#This Row],[Team]]=I_TEAM,T_BATTINGDATA[[#This Row],[R]],0) -> #REF! | O27: =LEFT(T_BATTINGDATA[[#This Row],[Batsman]],IFERROR(FIND("*",T_BATTINGDATA[[#This Row],[Batsman]])-1,IFERROR(FIND("†",T_BATTINGDATA[[#This Row],[Batsman]])-1,LEN(T_BATTINGDATA[[#This Row],[Batsman]])))) -> S Dhawan | P27: =IFERROR(IF(MATCH(T_BATTINGDATA[[#This Row],[BATSMAN NAME]],OFFSET(O28,0,0,BATROWS-ROW(O27)-ROW(T_BATTINGDATA[[#Headers],[BATSMAN NAME]])),0)>0,0,SUMIF($O$6:O27,T_BATTINGDATA[[#This Row],[BATSMAN NAME]],$E$6:E27)),SUMIF($O$6:O27,T_BATTINGDATA[[#This Row],[BATSMAN NAME]],$E$6:E27)) -> 0 | R27: 5 | S27: Ireland | T27: 0 | U27: 9 | V27: 0 | W27: 4 | X27: 13 | Y27: =CONCATENATE(T_EXTRAS[[#This Row],[Match Number]],T_EXTRAS[[#This Row],[Team Batting]]) -> 5Ireland | AA27: 11 | AB27: Bangladesh | AC27: 0 | AD27: 0 | AF27: 0 | AG27: =T_MTOTAL[[#This Row],[Match Number]]&T_MTOTAL[[#This Row],[Team]] -> 11Bangladesh | AH27: 2 | AI27: =T_MTOTAL[[#This Row],[Match Number]]&" "&T_MTOTAL[[#This Row],[ORDER]] -> 11 2 | AJ27: =IF(INDEX(T_MATCHSUM[TEAM ONE],MATCH(T_MTOTAL[[#This Row],[Match Number]],T_MATCHSUM[Match Number],0))=T_MTOTAL[[#This Row],[Team]],INDEX(T_MATCHSUM[TEAM TWO],MATCH(T_MTOTAL[[#This Row],[Match Number]],T_MATCHSUM[Match Number],0)),INDEX(T_MATCHSUM[TEAM ONE],MATCH(T_MTOTAL[[#This Row],[Match Number]],T_MATCHSUM[Match Number],0))) -> AUSTRALIA | AK27: =IF(OR(T_MTOTAL[[#This Row],[ORDER LINK]]="32 2",T_MTOTAL[[#This Row],[ORDER LINK]]="36 2"),50,IFERROR(IF(MATCH(T_MTOTAL[[#This Row],[ORDER LINK]],T_DL[link],0)>0, INDEX(T_DL[D/L Overs],MATCH(T_MTOTAL[[#This Row],[ORDER LINK]],T_DL[link],0)),IF(T_MTOTAL[[#This Row],[Wickets]]=10, 50,T_MTOTAL[[#This Row],[Overs]])),IF(T_MTOTAL[[#This Row],[Wickets]]=10, 50,T_MTOTAL[[#This Row],[Overs]]))) -> 0 | AL27: =(LEFT(T_MTOTAL[[#This Row],[Counting Overs]],IFERROR(FIND(".",T_MTOTAL[[#This Row],[Counting Overs]])-1,LEN(T_MTOTAL[[#This Row],[Counting Overs]])))*6) + IFERROR(IF(FIND(".",T_MTOTAL[[#This Row],[Counting Overs]])+1>0,RIGHT(T_MTOTAL[[#This Row],[Counting Overs]],1),0),0) -> 0 | AM27: =(LEFT(T_MTOTAL[[#This Row],[Overs]],IFERROR(FIND(".",T_MTOTAL[[#This Row],[Overs]])-1,LEN(T_MTOTAL[[#This Row],[Overs]])))*6) + IFERROR(IF(FIND(".",T_MTOTAL[[#This Row],[Overs]])+1>0,RIGHT(T_MTOTAL[[#This Row],[Overs]],1),0),0) -> 0 | AN27: =IFERROR(IF(MATCH(T_MTOTAL[[#This Row],[ORDER LINK]],T_DL[link],0)>0,INDEX(T_DL[d/l score],MATCH(T_MTOTAL[[#This Row],[ORDER LINK]],T_DL[link],0)),""),T_MTOTAL[[#This Row],[Total]]) -> 0 | AP27: 4 | AQ27: India | AR27: SK Raina | AS27: 1 | AT27: 0 | AU27: 6 | AV27: 0 | AW27: 6 | AX27: 2 | AY27: 0 | AZ27: 0 | BC27: 4 | BD27: =CONCATENATE(Table9[[#This Row],[Match Number]],Table9[[#This Row],[Team]],Table9[[#This Row],[BOWL NUM]]) -> 4India4 | BE27: =IFERROR(IF(AND(Table9[[#This Row],[Team]]=I_TEAM,IFERROR(IF(MATCH(Table9[[#This Row],[Bowler]],$AR$5:AR26,0)>0,0),1)),1,0),"") | BF27: =(LEFT(Table9[[#This Row],[Overs]],IFERROR(FIND(".",Table9[[#This Row],[Overs]])-1,LEN(Table9[[#This Row],[Overs]])))*6) + IFERROR(IF(FIND(".",Table9[[#This Row],[Overs]])+1>0,RIGHT(Table9[[#This Row],[Overs]],1),0),0) -> 6 | BG27: =IF(INDEX(T_MATCHSUM[TEAM ONE],MATCH(Table9[[#This Row],[Match Number]],T_MATCHSUM[Match Number],0))=Table9[[#This Row],[Team]],INDEX(T_MATCHSUM[TEAM TWO],MATCH(Table9[[#This Row],[Match Number]],T_MATCHSUM[Match Number],0)),INDEX(T_MATCHSUM[TEAM ONE],MATCH(Table9[[#This Row],[Match Number]],T_MATCHSUM[Match Number],0))) -> PAKISTAN | BH27: =IF(Table9[[#This Row],[Team]]=I_TEAM,Table9[[#This Row],[Wickets]]*100-Table9[[#This Row],[Runs]],0) -> #REF! | BI27: =Table9[[#This Row],[Wickets]]*100-Table9[[#This Row],[Runs]] -> -6 | BJ27: =IFERROR(IF(MATCH(Table9[[#This Row],[Bowler]],OFFSET(AR28,0,0,BOWLROWS-ROW(AR27)-ROW(Table9[[#Headers],[BOWLER CUML WICKETS]])),0)>0,0,SUMIF($AR$6:AR27,Table9[[#This Row],[Bowler]],$AV$6:AV27)),SUMIF($AR$6:AR27,Table9[[#This Row],[Bowler]],$AV$6:AV27)) -> 0 | BK27: =IFERROR(IF(MATCH(Table9[[#This Row],[Bowler]],OFFSET(AR28,0,0,BOWLROWS-ROW(AR27)-ROW(Table9[[#Headers],[BOWLER CUML WICKETS]])),0)>0,0,SUMIF($AR$6:AR27,Table9[[#This Row],[Bowler]],$AU$6:AU27)),SUMIF($AR$6:AR27,Table9[[#This Row],[Bowler]],$AU$6:AU27)) -> 0 | BL27: =Table9[[#This Row],[BOWLER CUML WICKETS]]*100-Table9[[#This Row],[BOWLER CUML RUNS]] -> 0
A28: 4 | B28: India | C28: V Kohli | D28: c †Umar Akmal b Sohail Khan | E28: 107 | F28: 168 | G28: 126 | H28: 8 | I28: 0 | J28: 84.92 | K28: 3 | L28: =CONCATENATE(T_BATTINGDATA[[#This Row],[Match]],T_BATTINGDATA[[#This Row],[Team]],T_BATTINGDATA[[#This Row],[Bat Number]]) -> 4India3 | M28: =IFERROR(IF(AND(T_BATTINGDATA[[#This Row],[Team]]=I_TEAM,IFERROR(IF(MATCH(T_BATTINGDATA[[#This Row],[BATSMAN NAME]],$O$5:O27,0)>0,0),1)),1,0),"") | N28: =IF(T_BATTINGDATA[[#This Row],[Team]]=I_TEAM,T_BATTINGDATA[[#This Row],[R]],0) -> #REF! | O28: =LEFT(T_BATTINGDATA[[#This Row],[Batsman]],IFERROR(FIND("*",T_BATTINGDATA[[#This Row],[Batsman]])-1,IFERROR(FIND("†",T_BATTINGDATA[[#This Row],[Batsman]])-1,LEN(T_BATTINGDATA[[#This Row],[Batsman]])))) -> V Kohli | P28: =IFERROR(IF(MATCH(T_BATTINGDATA[[#This Row],[BATSMAN NAME]],OFFSET(O29,0,0,BATROWS-ROW(O28)-ROW(T_BATTINGDATA[[#Headers],[BATSMAN NAME]])),0)>0,0,SUMIF($O$6:O28,T_BATTINGDATA[[#This Row],[BATSMAN NAME]],$E$6:E28)),SUMIF($O$6:O28,T_BATTINGDATA[[#This Row],[BATSMAN NAME]],$E$6:E28)) -> 0 | R28: 6 | S28: Scotland | T28: 0 | U28: 5 | V28: 0 | W28: 1 | X28: 6 | Y28: =CONCATENATE(T_EXTRAS[[#This Row],[Match Number]],T_EXTRAS[[#This Row],[Team Batting]]) -> 6Scotland | AA28: 12 | AB28: Afghanistan | AC28: 10 | AD28: 232 | AE28: 4.67 | AF28: 49.4 | AG28: =T_MTOTAL[[#This Row],[Match Number]]&T_MTOTAL[[#This Row],[Team]] -> 12Afghanistan | AH28: 1 | AI28: =T_MTOTAL[[#This Row],[Match Number]]&" "&T_MTOTAL[[#This Row],[ORDER]] -> 12 1 | AJ28: =IF(INDEX(T_MATCHSUM[TEAM ONE],MATCH(T_MTOTAL[[#This Row],[Match Number]],T_MATCHSUM[Match Number],0))=T_MTOTAL[[#This Row],[Team]],INDEX(T_MATCHSUM[TEAM TWO],MATCH(T_MTOTAL[[#This Row],[Match Number]],T_MATCHSUM[Match Number],0)),INDEX(T_MATCHSUM[TEAM ONE],MATCH(T_MTOTAL[[#This Row],[Match Number]],T_MATCHSUM[Match Number],0))) -> SRI LANKA | AK28: =IF(OR(T_MTOTAL[[#This Row],[ORDER LINK]]="32 2",T_MTOTAL[[#This Row],[ORDER LINK]]="36 2"),50,IFERROR(IF(MATCH(T_MTOTAL[[#This Row],[ORDER LINK]],T_DL[link],0)>0, INDEX(T_DL[D/L Overs],MATCH(T_MTOTAL[[#This Row],[ORDER LINK]],T_DL[link],0)),IF(T_MTOTAL[[#This Row],[Wickets]]=10, 50,T_MTOTAL[[#This Row],[Overs]])),IF(T_MTOTAL[[#This Row],[Wickets]]=10, 50,T_MTOTAL[[#This Row],[Overs]]))) -> 50 | AL28: =(LEFT(T_MTOTAL[[#This Row],[Counting Overs]],IFERROR(FIND(".",T_MTOTAL[[#This Row],[Counting Overs]])-1,LEN(T_MTOTAL[[#This Row],[Counting Overs]])))*6) + IFERROR(IF(FIND(".",T_MTOTAL[[#This Row],[Counting Overs]])+1>0,RIGHT(T_MTOTAL[[#This Row],[Counting Overs]],1),0),0) -> 300 | AM28: =(LEFT(T_MTOTAL[[#This Row],[Overs]],IFERROR(FIND(".",T_MTOTAL[[#This Row],[Overs]])-1,LEN(T_MTOTAL[[#This Row],[Overs]])))*6) + IFERROR(IF(FIND(".",T_MTOTAL[[#This Row],[Overs]])+1>0,RIGHT(T_MTOTAL[[#This Row],[Overs]],1),0),0) -> 298 | AN28: =IFERROR(IF(MATCH(T_MTOTAL[[#This Row],[ORDER LINK]],T_DL[link],0)>0,INDEX(T_DL[d/l score],MATCH(T_MTOTAL[[#This Row],[ORDER LINK]],T_DL[link],0)),""),T_MTOTAL[[#This Row],[Total]]) -> 232 | AP28: 4 | AQ28: India | AR28: R Ashwin | AS28: 8 | AT28: 3 | AU28: 41 | AV28: 1 | AW28: 5.12 | AX28: 30 | AY28: 5 | AZ28: 1 | BA28: 1 | BC28: 5 | BD28: =CONCATENATE(Table9[[#This Row],[Match Number]],Table9[[#This Row],[Team]],Table9[[#This Row],[BOWL NUM]]) -> 4India5 | BE28: =IFERROR(IF(AND(Table9[[#This Row],[Team]]=I_TEAM,IFERROR(IF(MATCH(Table9[[#This Row],[Bowler]],$AR$5:AR27,0)>0,0),1)),1,0),"") | BF28: =(LEFT(Table9[[#This Row],[Overs]],IFERROR(FIND(".",Table9[[#This Row],[Overs]])-1,LEN(Table9[[#This Row],[Overs]])))*6) + IFERROR(IF(FIND(".",Table9[[#This Row],[Overs]])+1>0,RIGHT(Table9[[#This Row],[Overs]],1),0),0) -> 48 | BG28: =IF(INDEX(T_MATCHSUM[TEAM ONE],MATCH(Table9[[#This Row],[Match Number]],T_MATCHSUM[Match Number],0))=Table9[[#This Row],[Team]],INDEX(T_MATCHSUM[TEAM TWO],MATCH(Table9[[#This Row],[Match Number]],T_MATCHSUM[Match Number],0)),INDEX(T_MATCHSUM[TEAM ONE],MATCH(Table9[[#This Row],[Match Number]],T_MATCHSUM[Match Number],0))) -> PAKISTAN | BH28: =IF(Table9[[#This Row],[Team]]=I_TEAM,Table9[[#This Row],[Wickets]]*100-Table9[[#This Row],[Runs]],0) -> #REF! | BI28: =Table9[[#This Row],[Wickets]]*100-Table9[[#This Row],[Runs]] -> 59 | BJ28: =IFERROR(IF(MATCH(Table9[[#This Row],[Bowler]],OFFSET(AR29,0,0,BOWLROWS-ROW(AR28)-ROW(Table9[[#Headers],[BOWLER CUML WICKETS]])),0)>0,0,SUMIF($AR$6:AR28,Table9[[#This Row],[Bowler]],$AV$6:AV28)),SUMIF($AR$6:AR28,Table9[[#This Row],[Bowler]],$AV$6:AV28)) -> 0 | BK28: =IFERROR(IF(MATCH(Table9[[#This Row],[Bowler]],OFFSET(AR29,0,0,BOWLROWS-ROW(AR28)-ROW(Table9[[#Headers],[BOWLER CUML WICKETS]])),0)>0,0,SUMIF($AR$6:AR28,Table9[[#This Row],[Bowler]],$AU$6:AU28)),SUMIF($AR$6:AR28,Table9[[#This Row],[Bowler]],$AU$6:AU28)) -> 0 | BL28: =Table9[[#This Row],[BOWLER CUML WICKETS]]*100-Table9[[#This Row],[BOWLER CUML RUNS]] -> 0
A29: 4 | B29: India | C29: SK Raina | D29: c Haris Sohail b Sohail Khan | E29: 74 | F29: 78 | G29: 56 | H29: 5 | I29: 3 | J29: 132.14 | K29: 4 | L29: =CONCATENATE(T_BATTINGDATA[[#This Row],[Match]],T_BATTINGDATA[[#This Row],[Team]],T_BATTINGDATA[[#This Row],[Bat Number]]) -> 4India4 | M29: =IFERROR(IF(AND(T_BATTINGDATA[[#This Row],[Team]]=I_TEAM,IFERROR(IF(MATCH(T_BATTINGDATA[[#This Row],[BATSMAN NAME]],$O$5:O28,0)>0,0),1)),1,0),"") | N29: =IF(T_BATTINGDATA[[#This Row],[Team]]=I_TEAM,T_BATTINGDATA[[#This Row],[R]],0) -> #REF! | O29: =LEFT(T_BATTINGDATA[[#This Row],[Batsman]],IFERROR(FIND("*",T_BATTINGDATA[[#This Row],[Batsman]])-1,IFERROR(FIND("†",T_BATTINGDATA[[#This Row],[Batsman]])-1,LEN(T_BATTINGDATA[[#This Row],[Batsman]])))) -> SK Raina | P29: =IFERROR(IF(MATCH(T_BATTINGDATA[[#This Row],[BATSMAN NAME]],OFFSET(O30,0,0,BATROWS-ROW(O29)-ROW(T_BATTINGDATA[[#Headers],[BATSMAN NAME]])),0)>0,0,SUMIF($O$6:O29,T_BATTINGDATA[[#This Row],[BATSMAN NAME]],$E$6:E29)),SUMIF($O$6:O29,T_BATTINGDATA[[#This Row],[BATSMAN NAME]],$E$6:E29)) -> 0 | R29: 6 | S29: New Zealand | T29: 1 | U29: 5 | V29: 0 | W29: 0 | X29: 6 | Y29: =CONCATENATE(T_EXTRAS[[#This Row],[Match Number]],T_EXTRAS[[#This Row],[Team Batting]]) -> 6New Zealand | AA29: 12 | AB29: Sri Lanka | AC29: 6 | AD29: 236 | AE29: 4.88 | AF29: 48.2 | AG29: =T_MTOTAL[[#This Row],[Match Number]]&T_MTOTAL[[#This Row],[Team]] -> 12Sri Lanka | AH29: 2 | AI29: =T_MTOTAL[[#This Row],[Match Number]]&" "&T_MTOTAL[[#This Row],[ORDER]] -> 12 2 | AJ29: =IF(INDEX(T_MATCHSUM[TEAM ONE],MATCH(T_MTOTAL[[#This Row],[Match Number]],T_MATCHSUM[Match Number],0))=T_MTOTAL[[#This Row],[Team]],INDEX(T_MATCHSUM[TEAM TWO],MATCH(T_MTOTAL[[#This Row],[Match Number]],T_MATCHSUM[Match Number],0)),INDEX(T_MATCHSUM[TEAM ONE],MATCH(T_MTOTAL[[#This Row],[Match Number]],T_MATCHSUM[Match Number],0))) -> AFGHANISTAN | AK29: =IF(OR(T_MTOTAL[[#This Row],[ORDER LINK]]="32 2",T_MTOTAL[[#This Row],[ORDER LINK]]="36 2"),50,IFERROR(IF(MATCH(T_MTOTAL[[#This Row],[ORDER LINK]],T_DL[link],0)>0, INDEX(T_DL[D/L Overs],MATCH(T_MTOTAL[[#This Row],[ORDER LINK]],T_DL[link],0)),IF(T_MTOTAL[[#This Row],[Wickets]]=10, 50,T_MTOTAL[[#This Row],[Overs]])),IF(T_MTOTAL[[#This Row],[Wickets]]=10, 50,T_MTOTAL[[#This Row],[Overs]]))) -> 48.2 | AL29: =(LEFT(T_MTOTAL[[#This Row],[Counting Overs]],IFERROR(FIND(".",T_MTOTAL[[#This Row],[Counting Overs]])-1,LEN(T_MTOTAL[[#This Row],[Counting Overs]])))*6) + IFERROR(IF(FIND(".",T_MTOTAL[[#This Row],[Counting Overs]])+1>0,RIGHT(T_MTOTAL[[#This Row],[Counting Overs]],1),0),0) -> 290 | AM29: =(LEFT(T_MTOTAL[[#This Row],[Overs]],IFERROR(FIND(".",T_MTOTAL[[#This Row],[Overs]])-1,LEN(T_MTOTAL[[#This Row],[Overs]])))*6) + IFERROR(IF(FIND(".",T_MTOTAL[[#This Row],[Overs]])+1>0,RIGHT(T_MTOTAL[[#This Row],[Overs]],1),0),0) -> 290 | AN29: =IFERROR(IF(MATCH(T_MTOTAL[[#This Row],[ORDER LINK]],T_DL[link],0)>0,INDEX(T_DL[d/l score],MATCH(T_MTOTAL[[#This Row],[ORDER LINK]],T_DL[link],0)),""),T_MTOTAL[[#This Row],[Total]]) -> 236 | AP29: 4 | AQ29: India | AR29: RA Jadeja | AS29: 10 | AT29: 0 | AU29: 56 | AV29: 1 | AW29: 5.6 | AX29: 28 | AY29: 4 | AZ29: 1 | BC29: 6 | BD29: =CONCATENATE(Table9[[#This Row],[Match Number]],Table9[[#This Row],[Team]],Table9[[#This Row],[BOWL NUM]]) -> 4India6 | BE29: =IFERROR(IF(AND(Table9[[#This Row],[Team]]=I_TEAM,IFERROR(IF(MATCH(Table9[[#This Row],[Bowler]],$AR$5:AR28,0)>0,0),1)),1,0),"") | BF29: =(LEFT(Table9[[#This Row],[Overs]],IFERROR(FIND(".",Table9[[#This Row],[Overs]])-1,LEN(Table9[[#This Row],[Overs]])))*6) + IFERROR(IF(FIND(".",Table9[[#This Row],[Overs]])+1>0,RIGHT(Table9[[#This Row],[Overs]],1),0),0) -> 60 | BG29: =IF(INDEX(T_MATCHSUM[TEAM ONE],MATCH(Table9[[#This Row],[Match Number]],T_MATCHSUM[Match Number],0))=Table9[[#This Row],[Team]],INDEX(T_MATCHSUM[TEAM TWO],MATCH(Table9[[#This Row],[Match Number]],T_MATCHSUM[Match Number],0)),INDEX(T_MATCHSUM[TEAM ONE],MATCH(Table9[[#This Row],[Match Number]],T_MATCHSUM[Match Number],0))) -> PAKISTAN | BH29: =IF(Table9[[#This Row],[Team]]=I_TEAM,Table9[[#This Row],[Wickets]]*100-Table9[[#This Row],[Runs]],0) -> #REF! | BI29: =Table9[[#This Row],[Wickets]]*100-Table9[[#This Row],[Runs]] -> 44 | BJ29: =IFERROR(IF(MATCH(Table9[[#This Row],[Bowler]],OFFSET(AR30,0,0,BOWLROWS-ROW(AR29)-ROW(Table9[[#Headers],[BOWLER CUML WICKETS]])),0)>0,0,SUMIF($AR$6:AR29,Table9[[#This Row],[Bowler]],$AV$6:AV29)),SUMIF($AR$6:AR29,Table9[[#This Row],[Bowler]],$AV$6:AV29)) -> 0 | BK29: =IFERROR(IF(MATCH(Table9[[#This Row],[Bowler]],OFFSET(AR30,0,0,BOWLROWS-ROW(AR29)-ROW(Table9[[#Headers],[BOWLER CUML WICKETS]])),0)>0,0,SUMIF($AR$6:AR29,Table9[[#This Row],[Bowler]],$AU$6:AU29)),SUMIF($AR$6:AR29,Table9[[#This Row],[Bowler]],$AU$6:AU29)) -> 0 | BL29: =Table9[[#This Row],[BOWLER CUML WICKETS]]*100-Table9[[#This Row],[BOWLER CUML RUNS]] -> 0
A30: 4 | B30: India | C30: MS Dhoni*† | D30: c Misbah-ul-Haq b Sohail Khan | E30: 18 | F30: 22 | G30: 13 | H30: 1 | I30: 1 | J30: 138.46 | K30: 5 | L30: =CONCATENATE(T_BATTINGDATA[[#This Row],[Match]],T_BATTINGDATA[[#This Row],[Team]],T_BATTINGDATA[[#This Row],[Bat Number]]) -> 4India5 | M30: =IFERROR(IF(AND(T_BATTINGDATA[[#This Row],[Team]]=I_TEAM,IFERROR(IF(MATCH(T_BATTINGDATA[[#This Row],[BATSMAN NAME]],$O$5:O29,0)>0,0),1)),1,0),"") | N30: =IF(T_BATTINGDATA[[#This Row],[Team]]=I_TEAM,T_BATTINGDATA[[#This Row],[R]],0) -> #REF! | O30: =LEFT(T_BATTINGDATA[[#This Row],[Batsman]],IFERROR(FIND("*",T_BATTINGDATA[[#This Row],[Batsman]])-1,IFERROR(FIND("†",T_BATTINGDATA[[#This Row],[Batsman]])-1,LEN(T_BATTINGDATA[[#This Row],[Batsman]])))) -> MS Dhoni | P30: =IFERROR(IF(MATCH(T_BATTINGDATA[[#This Row],[BATSMAN NAME]],OFFSET(O31,0,0,BATROWS-ROW(O30)-ROW(T_BATTINGDATA[[#Headers],[BATSMAN NAME]])),0)>0,0,SUMIF($O$6:O30,T_BATTINGDATA[[#This Row],[BATSMAN NAME]],$E$6:E30)),SUMIF($O$6:O30,T_BATTINGDATA[[#This Row],[BATSMAN NAME]],$E$6:E30)) -> 0 | R30: 7 | S30: Bangladesh | T30: 4 | U30: 6 | V30: 0 | W30: 3 | X30: 13 | Y30: =CONCATENATE(T_EXTRAS[[#This Row],[Match Number]],T_EXTRAS[[#This Row],[Team Batting]]) -> 7Bangladesh | AA30: 13 | AB30: India | AC30: 7 | AD30: 307 | AE30: 6.14 | AF30: 50 | AG30: =T_MTOTAL[[#This Row],[Match Number]]&T_MTOTAL[[#This Row],[Team]] -> 13India | AH30: 1 | AI30: =T_MTOTAL[[#This Row],[Match Number]]&" "&T_MTOTAL[[#This Row],[ORDER]] -> 13 1 | AJ30: =IF(INDEX(T_MATCHSUM[TEAM ONE],MATCH(T_MTOTAL[[#This Row],[Match Number]],T_MATCHSUM[Match Number],0))=T_MTOTAL[[#This Row],[Team]],INDEX(T_MATCHSUM[TEAM TWO],MATCH(T_MTOTAL[[#This Row],[Match Number]],T_MATCHSUM[Match Number],0)),INDEX(T_MATCHSUM[TEAM ONE],MATCH(T_MTOTAL[[#This Row],[Match Number]],T_MATCHSUM[Match Number],0))) -> SOUTH AFRICA | AK30: =IF(OR(T_MTOTAL[[#This Row],[ORDER LINK]]="32 2",T_MTOTAL[[#This Row],[ORDER LINK]]="36 2"),50,IFERROR(IF(MATCH(T_MTOTAL[[#This Row],[ORDER LINK]],T_DL[link],0)>0, INDEX(T_DL[D/L Overs],MATCH(T_MTOTAL[[#This Row],[ORDER LINK]],T_DL[link],0)),IF(T_MTOTAL[[#This Row],[Wickets]]=10, 50,T_MTOTAL[[#This Row],[Overs]])),IF(T_MTOTAL[[#This Row],[Wickets]]=10, 50,T_MTOTAL[[#This Row],[Overs]]))) -> 50 | AL30: =(LEFT(T_MTOTAL[[#This Row],[Counting Overs]],IFERROR(FIND(".",T_MTOTAL[[#This Row],[Counting Overs]])-1,LEN(T_MTOTAL[[#This Row],[Counting Overs]])))*6) + IFERROR(IF(FIND(".",T_MTOTAL[[#This Row],[Counting Overs]])+1>0,RIGHT(T_MTOTAL[[#This Row],[Counting Overs]],1),0),0) -> 300 | AM30: =(LEFT(T_MTOTAL[[#This Row],[Overs]],IFERROR(FIND(".",T_MTOTAL[[#This Row],[Overs]])-1,LEN(T_MTOTAL[[#This Row],[Overs]])))*6) + IFERROR(IF(FIND(".",T_MTOTAL[[#This Row],[Overs]])+1>0,RIGHT(T_MTOTAL[[#This Row],[Overs]],1),0),0) -> 300 | AN30: =IFERROR(IF(MATCH(T_MTOTAL[[#This Row],[ORDER LINK]],T_DL[link],0)>0,INDEX(T_DL[d/l score],MATCH(T_MTOTAL[[#This Row],[ORDER LINK]],T_DL[link],0)),""),T_MTOTAL[[#This Row],[Total]]) -> 307 | AP30: 39 | AQ30: India | AR30: Mohammed Shami | AS30: 9 | AT30: 2 | AU30: 48 | AV30: 3 | AW30: 5.33 | AX30: 37 | AY30: 2 | AZ30: 4 | BA30: 3 | BC30: 1 | BD30: =CONCATENATE(Table9[[#This Row],[Match Number]],Table9[[#This Row],[Team]],Table9[[#This Row],[BOWL NUM]]) -> 39India1 | BE30: =IFERROR(IF(AND(Table9[[#This Row],[Team]]=I_TEAM,IFERROR(IF(MATCH(Table9[[#This Row],[Bowler]],$AR$5:AR29,0)>0,0),1)),1,0),"") | BF30: =(LEFT(Table9[[#This Row],[Overs]],IFERROR(FIND(".",Table9[[#This Row],[Overs]])-1,LEN(Table9[[#This Row],[Overs]])))*6) + IFERROR(IF(FIND(".",Table9[[#This Row],[Overs]])+1>0,RIGHT(Table9[[#This Row],[Overs]],1),0),0) -> 54 | BG30: =IF(INDEX(T_MATCHSUM[TEAM ONE],MATCH(Table9[[#This Row],[Match Number]],T_MATCHSUM[Match Number],0))=Table9[[#This Row],[Team]],INDEX(T_MATCHSUM[TEAM TWO],MATCH(Table9[[#This Row],[Match Number]],T_MATCHSUM[Match Number],0)),INDEX(T_MATCHSUM[TEAM ONE],MATCH(Table9[[#This Row],[Match Number]],T_MATCHSUM[Match Number],0))) -> ZIMBABWE | BH30: =IF(Table9[[#This Row],[Team]]=I_TEAM,Table9[[#This Row],[Wickets]]*100-Table9[[#This Row],[Runs]],0) -> #REF! | BI30: =Table9[[#This Row],[Wickets]]*100-Table9[[#This Row],[Runs]] -> 252 | BJ30: =IFERROR(IF(MATCH(Table9[[#This Row],[Bowler]],OFFSET(AR31,0,0,BOWLROWS-ROW(AR30)-ROW(Table9[[#Headers],[BOWLER CUML WICKETS]])),0)>0,0,SUMIF($AR$6:AR30,Table9[[#This Row],[Bowler]],$AV$6:AV30)),SUMIF($AR$6:AR30,Table9[[#This Row],[Bowler]],$AV$6:AV30)) -> 0 | BK30: =IFERROR(IF(MATCH(Table9[[#This Row],[Bowler]],OFFSET(AR31,0,0,BOWLROWS-ROW(AR30)-ROW(Table9[[#Headers],[BOWLER CUML WICKETS]])),0)>0,0,SUMIF($AR$6:AR30,Table9[[#This Row],[Bowler]],$AU$6:AU30)),SUMIF($AR$6:AR30,Table9[[#This Row],[Bowler]],$AU$6:AU30)) -> 0 | BL30: =Table9[[#This Row],[BOWLER CUML WICKETS]]*100-Table9[[#This Row],[BOWLER CUML RUNS]] -> 0
A31: 4 | B31: India | C31: RA Jadeja | D31: b Wahab Riaz | E31: 3 | F31: 7 | G31: 5 | H31: 0 | I31: 0 | J31: 60 | K31: 6 | L31: =CONCATENATE(T_BATTINGDATA[[#This Row],[Match]],T_BATTINGDATA[[#This Row],[Team]],T_BATTINGDATA[[#This Row],[Bat Number]]) -> 4India6 | M31: =IFERROR(IF(AND(T_BATTINGDATA[[#This Row],[Team]]=I_TEAM,IFERROR(IF(MATCH(T_BATTINGDATA[[#This Row],[BATSMAN NAME]],$O$5:O30,0)>0,0),1)),1,0),"") | N31: =IF(T_BATTINGDATA[[#This Row],[Team]]=I_TEAM,T_BATTINGDATA[[#This Row],[R]],0) -> #REF! | O31: =LEFT(T_BATTINGDATA[[#This Row],[Batsman]],IFERROR(FIND("*",T_BATTINGDATA[[#This Row],[Batsman]])-1,IFERROR(FIND("†",T_BATTINGDATA[[#This Row],[Batsman]])-1,LEN(T_BATTINGDATA[[#This Row],[Batsman]])))) -> RA Jadeja | P31: =IFERROR(IF(MATCH(T_BATTINGDATA[[#This Row],[BATSMAN NAME]],OFFSET(O32,0,0,BATROWS-ROW(O31)-ROW(T_BATTINGDATA[[#Headers],[BATSMAN NAME]])),0)>0,0,SUMIF($O$6:O31,T_BATTINGDATA[[#This Row],[BATSMAN NAME]],$E$6:E31)),SUMIF($O$6:O31,T_BATTINGDATA[[#This Row],[BATSMAN NAME]],$E$6:E31)) -> 0 | R31: 7 | S31: Afghanistan | T31: 1 | U31: 2 | V31: 0 | W31: 0 | X31: 3 | Y31: =CONCATENATE(T_EXTRAS[[#This Row],[Match Number]],T_EXTRAS[[#This Row],[Team Batting]]) -> 7Afghanistan | AA31: 13 | AB31: South Africa | AC31: 10 | AD31: 177 | AE31: 4.38 | AF31: 40.2 | AG31: =T_MTOTAL[[#This Row],[Match Number]]&T_MTOTAL[[#This Row],[Team]] -> 13South Africa | AH31: 2 | AI31: =T_MTOTAL[[#This Row],[Match Number]]&" "&T_MTOTAL[[#This Row],[ORDER]] -> 13 2 | AJ31: =IF(INDEX(T_MATCHSUM[TEAM ONE],MATCH(T_MTOTAL[[#This Row],[Match Number]],T_MATCHSUM[Match Number],0))=T_MTOTAL[[#This Row],[Team]],INDEX(T_MATCHSUM[TEAM TWO],MATCH(T_MTOTAL[[#This Row],[Match Number]],T_MATCHSUM[Match Number],0)),INDEX(T_MATCHSUM[TEAM ONE],MATCH(T_MTOTAL[[#This Row],[Match Number]],T_MATCHSUM[Match Number],0))) -> INDIA | AK31: =IF(OR(T_MTOTAL[[#This Row],[ORDER LINK]]="32 2",T_MTOTAL[[#This Row],[ORDER LINK]]="36 2"),50,IFERROR(IF(MATCH(T_MTOTAL[[#This Row],[ORDER LINK]],T_DL[link],0)>0, INDEX(T_DL[D/L Overs],MATCH(T_MTOTAL[[#This Row],[ORDER LINK]],T_DL[link],0)),IF(T_MTOTAL[[#This Row],[Wickets]]=10, 50,T_MTOTAL[[#This Row],[Overs]])),IF(T_MTOTAL[[#This Row],[Wickets]]=10, 50,T_MTOTAL[[#This Row],[Overs]]))) -> 50 | AL31: =(LEFT(T_MTOTAL[[#This Row],[Counting Overs]],IFERROR(FIND(".",T_MTOTAL[[#This Row],[Counting Overs]])-1,LEN(T_MTOTAL[[#This Row],[Counting Overs]])))*6) + IFERROR(IF(FIND(".",T_MTOTAL[[#This Row],[Counting Overs]])+1>0,RIGHT(T_MTOTAL[[#This Row],[Counting Overs]],1),0),0) -> 300 | AM31: =(LEFT(T_MTOTAL[[#This Row],[Overs]],IFERROR(FIND(".",T_MTOTAL[[#This Row],[Overs]])-1,LEN(T_MTOTAL[[#This Row],[Overs]])))*6) + IFERROR(IF(FIND(".",T_MTOTAL[[#This Row],[Overs]])+1>0,RIGHT(T_MTOTAL[[#This Row],[Overs]],1),0),0) -> 242 | AN31: =IFERROR(IF(MATCH(T_MTOTAL[[#This Row],[ORDER LINK]],T_DL[link],0)>0,INDEX(T_DL[d/l score],MATCH(T_MTOTAL[[#This Row],[ORDER LINK]],T_DL[link],0)),""),T_MTOTAL[[#This Row],[Total]]) -> 177 | AP31: 39 | AQ31: India | AR31: UT Yadav | AS31: 9.5 | AT31: 1 | AU31: 43 | AV31: 3 | AW31: 4.37 | AX31: 37 | AY31: 2 | AZ31: 1 | BA31: 2 | BC31: 2 | BD31: =CONCATENATE(Table9[[#This Row],[Match Number]],Table9[[#This Row],[Team]],Table9[[#This Row],[BOWL NUM]]) -> 39India2 | BE31: =IFERROR(IF(AND(Table9[[#This Row],[Team]]=I_TEAM,IFERROR(IF(MATCH(Table9[[#This Row],[Bowler]],$AR$5:AR30,0)>0,0),1)),1,0),"") | BF31: =(LEFT(Table9[[#This Row],[Overs]],IFERROR(FIND(".",Table9[[#This Row],[Overs]])-1,LEN(Table9[[#This Row],[Overs]])))*6) + IFERROR(IF(FIND(".",Table9[[#This Row],[Overs]])+1>0,RIGHT(Table9[[#This Row],[Overs]],1),0),0) -> 59 | BG31: =IF(INDEX(T_MATCHSUM[TEAM ONE],MATCH(Table9[[#This Row],[Match Number]],T_MATCHSUM[Match Number],0))=Table9[[#This Row],[Team]],INDEX(T_MATCHSUM[TEAM TWO],MATCH(Table9[[#This Row],[Match Number]],T_MATCHSUM[Match Number],0)),INDEX(T_MATCHSUM[TEAM ONE],MATCH(Table9[[#This Row],[Match Number]],T_MATCHSUM[Match Number],0))) -> ZIMBABWE | BH31: =IF(Table9[[#This Row],[Team]]=I_TEAM,Table9[[#This Row],[Wickets]]*100-Table9[[#This Row],[Runs]],0) -> #REF! | BI31: =Table9[[#This Row],[Wickets]]*100-Table9[[#This Row],[Runs]] -> 257 | BJ31: =IFERROR(IF(MATCH(Table9[[#This Row],[Bowler]],OFFSET(AR32,0,0,BOWLROWS-ROW(AR31)-ROW(Table9[[#Headers],[BOWLER CUML WICKETS]])),0)>0,0,SUMIF($AR$6:AR31,Table9[[#This Row],[Bowler]],$AV$6:AV31)),SUMIF($AR$6:AR31,Table9[[#This Row],[Bowler]],$AV$6:AV31)) -> 0 | BK31: =IFERROR(IF(MATCH(Table9[[#This Row],[Bowler]],OFFSET(AR32,0,0,BOWLROWS-ROW(AR31)-ROW(Table9[[#Headers],[BOWLER CUML WICKETS]])),0)>0,0,SUMIF($AR$6:AR31,Table9[[#This Row],[Bowler]],$AU$6:AU31)),SUMIF($AR$6:AR31,Table9[[#This Row],[Bowler]],$AU$6:AU31)) -> 0 | BL31: =Table9[[#This Row],[BOWLER CUML WICKETS]]*100-Table9[[#This Row],[BOWLER CUML RUNS]] -> 0
A32: 4 | B32: India | C32: AM Rahane | D32: b Sohail Khan | E32: 0 | F32: 3 | G32: 1 | H32: 0 | I32: 0 | J32: 0 | K32: 7 | L32: =CONCATENATE(T_BATTINGDATA[[#This Row],[Match]],T_BATTINGDATA[[#This Row],[Team]],T_BATTINGDATA[[#This Row],[Bat Number]]) -> 4India7 | M32: =IFERROR(IF(AND(T_BATTINGDATA[[#This Row],[Team]]=I_TEAM,IFERROR(IF(MATCH(T_BATTINGDATA[[#This Row],[BATSMAN NAME]],$O$5:O31,0)>0,0),1)),1,0),"") | N32: =IF(T_BATTINGDATA[[#This Row],[Team]]=I_TEAM,T_BATTINGDATA[[#This Row],[R]],0) -> #REF! | O32: =LEFT(T_BATTINGDATA[[#This Row],[Batsman]],IFERROR(FIND("*",T_BATTINGDATA[[#This Row],[Batsman]])-1,IFERROR(FIND("†",T_BATTINGDATA[[#This Row],[Batsman]])-1,LEN(T_BATTINGDATA[[#This Row],[Batsman]])))) -> AM Rahane | P32: =IFERROR(IF(MATCH(T_BATTINGDATA[[#This Row],[BATSMAN NAME]],OFFSET(O33,0,0,BATROWS-ROW(O32)-ROW(T_BATTINGDATA[[#Headers],[BATSMAN NAME]])),0)>0,0,SUMIF($O$6:O32,T_BATTINGDATA[[#This Row],[BATSMAN NAME]],$E$6:E32)),SUMIF($O$6:O32,T_BATTINGDATA[[#This Row],[BATSMAN NAME]],$E$6:E32)) -> 0 | R32: 8 | S32: UAE | T32: 6 | U32: 15 | V32: 1 | W32: 4 | X32: 26 | Y32: =CONCATENATE(T_EXTRAS[[#This Row],[Match Number]],T_EXTRAS[[#This Row],[Team Batting]]) -> 8UAE | AA32: 14 | AB32: England | AC32: 8 | AD32: 303 | AE32: 6.06 | AF32: 50 | AG32: =T_MTOTAL[[#This Row],[Match Number]]&T_MTOTAL[[#This Row],[Team]] -> 14England | AH32: 1 | AI32: =T_MTOTAL[[#This Row],[Match Number]]&" "&T_MTOTAL[[#This Row],[ORDER]] -> 14 1 | AJ32: =IF(INDEX(T_MATCHSUM[TEAM ONE],MATCH(T_MTOTAL[[#This Row],[Match Number]],T_MATCHSUM[Match Number],0))=T_MTOTAL[[#This Row],[Team]],INDEX(T_MATCHSUM[TEAM TWO],MATCH(T_MTOTAL[[#This Row],[Match Number]],T_MATCHSUM[Match Number],0)),INDEX(T_MATCHSUM[TEAM ONE],MATCH(T_MTOTAL[[#This Row],[Match Number]],T_MATCHSUM[Match Number],0))) -> SCOTLAND | AK32: =IF(OR(T_MTOTAL[[#This Row],[ORDER LINK]]="32 2",T_MTOTAL[[#This Row],[ORDER LINK]]="36 2"),50,IFERROR(IF(MATCH(T_MTOTAL[[#This Row],[ORDER LINK]],T_DL[link],0)>0, INDEX(T_DL[D/L Overs],MATCH(T_MTOTAL[[#This Row],[ORDER LINK]],T_DL[link],0)),IF(T_MTOTAL[[#This Row],[Wickets]]=10, 50,T_MTOTAL[[#This Row],[Overs]])),IF(T_MTOTAL[[#This Row],[Wickets]]=10, 50,T_MTOTAL[[#This Row],[Overs]]))) -> 50 | AL32: =(LEFT(T_MTOTAL[[#This Row],[Counting Overs]],IFERROR(FIND(".",T_MTOTAL[[#This Row],[Counting Overs]])-1,LEN(T_MTOTAL[[#This Row],[Counting Overs]])))*6) + IFERROR(IF(FIND(".",T_MTOTAL[[#This Row],[Counting Overs]])+1>0,RIGHT(T_MTOTAL[[#This Row],[Counting Overs]],1),0),0) -> 300 | AM32: =(LEFT(T_MTOTAL[[#This Row],[Overs]],IFERROR(FIND(".",T_MTOTAL[[#This Row],[Overs]])-1,LEN(T_MTOTAL[[#This Row],[Overs]])))*6) + IFERROR(IF(FIND(".",T_MTOTAL[[#This Row],[Overs]])+1>0,RIGHT(T_MTOTAL[[#This Row],[Overs]],1),0),0) -> 300 | AN32: =IFERROR(IF(MATCH(T_MTOTAL[[#This Row],[ORDER LINK]],T_DL[link],0)>0,INDEX(T_DL[d/l score],MATCH(T_MTOTAL[[#This Row],[ORDER LINK]],T_DL[link],0)),""),T_MTOTAL[[#This Row],[Total]]) -> 303 | AP32: 39 | AQ32: India | AR32: MM Sharma | AS32: 10 | AT32: 1 | AU32: 48 | AV32: 3 | AW32: 4.8 | AX32: 33 | AY32: 4 | AZ32: 1 | BA32: 1 | BC32: 3 | BD32: =CONCATENATE(Table9[[#This Row],[Match Number]],Table9[[#This Row],[Team]],Table9[[#This Row],[BOWL NUM]]) -> 39India3 | BE32: =IFERROR(IF(AND(Table9[[#This Row],[Team]]=I_TEAM,IFERROR(IF(MATCH(Table9[[#This Row],[Bowler]],$AR$5:AR31,0)>0,0),1)),1,0),"") | BF32: =(LEFT(Table9[[#This Row],[Overs]],IFERROR(FIND(".",Table9[[#This Row],[Overs]])-1,LEN(Table9[[#This Row],[Overs]])))*6) + IFERROR(IF(FIND(".",Table9[[#This Row],[Overs]])+1>0,RIGHT(Table9[[#This Row],[Overs]],1),0),0) -> 60 | BG32: =IF(INDEX(T_MATCHSUM[TEAM ONE],MATCH(Table9[[#This Row],[Match Number]],T_MATCHSUM[Match Number],0))=Table9[[#This Row],[Team]],INDEX(T_MATCHSUM[TEAM TWO],MATCH(Table9[[#This Row],[Match Number]],T_MATCHSUM[Match Number],0)),INDEX(T_MATCHSUM[TEAM ONE],MATCH(Table9[[#This Row],[Match Number]],T_MATCHSUM[Match Number],0))) -> ZIMBABWE | BH32: =IF(Table9[[#This Row],[Team]]=I_TEAM,Table9[[#This Row],[Wickets]]*100-Table9[[#This Row],[Runs]],0) -> #REF! | BI32: =Table9[[#This Row],[Wickets]]*100-Table9[[#This Row],[Runs]] -> 252 | BJ32: =IFERROR(IF(MATCH(Table9[[#This Row],[Bowler]],OFFSET(AR33,0,0,BOWLROWS-ROW(AR32)-ROW(Table9[[#Headers],[BOWLER CUML WICKETS]])),0)>0,0,SUMIF($AR$6:AR32,Table9[[#This Row],[Bowler]],$AV$6:AV32)),SUMIF($AR$6:AR32,Table9[[#This Row],[Bowler]],$AV$6:AV32)) -> 0 | BK32: =IFERROR(IF(MATCH(Table9[[#This Row],[Bowler]],OFFSET(AR33,0,0,BOWLROWS-ROW(AR32)-ROW(Table9[[#Headers],[BOWLER CUML WICKETS]])),0)>0,0,SUMIF($AR$6:AR32,Table9[[#This Row],[Bowler]],$AU$6:AU32)),SUMIF($AR$6:AR32,Table9[[#This Row],[Bowler]],$AU$6:AU32)) -> 0 | BL32: =Table9[[#This Row],[BOWLER CUML WICKETS]]*100-Table9[[#This Row],[BOWLER CUML RUNS]] -> 0
A33: 4 | B33: India | C33: R Ashwin | D33: not out | E33: 1 | F33: 4 | G33: 1 | H33: 0 | I33: 0 | J33: 100 | K33: 8 | L33: =CONCATENATE(T_BATTINGDATA[[#This Row],[Match]],T_BATTINGDATA[[#This Row],[Team]],T_BATTINGDATA[[#This Row],[Bat Number]]) -> 4India8 | M33: =IFERROR(IF(AND(T_BATTINGDATA[[#This Row],[Team]]=I_TEAM,IFERROR(IF(MATCH(T_BATTINGDATA[[#This Row],[BATSMAN NAME]],$O$5:O32,0)>0,0),1)),1,0),"") | N33: =IF(T_BATTINGDATA[[#This Row],[Team]]=I_TEAM,T_BATTINGDATA[[#This Row],[R]],0) -> #REF! | O33: =LEFT(T_BATTINGDATA[[#This Row],[Batsman]],IFERROR(FIND("*",T_BATTINGDATA[[#This Row],[Batsman]])-1,IFERROR(FIND("†",T_BATTINGDATA[[#This Row],[Batsman]])-1,LEN(T_BATTINGDATA[[#This Row],[Batsman]])))) -> R Ashwin | P33: =IFERROR(IF(MATCH(T_BATTINGDATA[[#This Row],[BATSMAN NAME]],OFFSET(O34,0,0,BATROWS-ROW(O33)-ROW(T_BATTINGDATA[[#Headers],[BATSMAN NAME]])),0)>0,0,SUMIF($O$6:O33,T_BATTINGDATA[[#This Row],[BATSMAN NAME]],$E$6:E33)),SUMIF($O$6:O33,T_BATTINGDATA[[#This Row],[BATSMAN NAME]],$E$6:E33)) -> 0 | R33: 8 | S33: Zimbabwe | T33: 6 | U33: 10 | V33: 0 | W33: 0 | X33: 16 | Y33: =CONCATENATE(T_EXTRAS[[#This Row],[Match Number]],T_EXTRAS[[#This Row],[Team Batting]]) -> 8Zimbabwe | AA33: 14 | AB33: Scotland | AC33: 10 | AD33: 184 | AE33: 4.34 | AF33: 42.2 | AG33: =T_MTOTAL[[#This Row],[Match Number]]&T_MTOTAL[[#This Row],[Team]] -> 14Scotland | AH33: 2 | AI33: =T_MTOTAL[[#This Row],[Match Number]]&" "&T_MTOTAL[[#This Row],[ORDER]] -> 14 2 | AJ33: =IF(INDEX(T_MATCHSUM[TEAM ONE],MATCH(T_MTOTAL[[#This Row],[Match Number]],T_MATCHSUM[Match Number],0))=T_MTOTAL[[#This Row],[Team]],INDEX(T_MATCHSUM[TEAM TWO],MATCH(T_MTOTAL[[#This Row],[Match Number]],T_MATCHSUM[Match Number],0)),INDEX(T_MATCHSUM[TEAM ONE],MATCH(T_MTOTAL[[#This Row],[Match Number]],T_MATCHSUM[Match Number],0))) -> ENGLAND | AK33: =IF(OR(T_MTOTAL[[#This Row],[ORDER LINK]]="32 2",T_MTOTAL[[#This Row],[ORDER LINK]]="36 2"),50,IFERROR(IF(MATCH(T_MTOTAL[[#This Row],[ORDER LINK]],T_DL[link],0)>0, INDEX(T_DL[D/L Overs],MATCH(T_MTOTAL[[#This Row],[ORDER LINK]],T_DL[link],0)),IF(T_MTOTAL[[#This Row],[Wickets]]=10, 50,T_MTOTAL[[#This Row],[Overs]])),IF(T_MTOTAL[[#This Row],[Wickets]]=10, 50,T_MTOTAL[[#This Row],[Overs]]))) -> 50 | AL33: =(LEFT(T_MTOTAL[[#This Row],[Counting Overs]],IFERROR(FIND(".",T_MTOTAL[[#This Row],[Counting Overs]])-1,LEN(T_MTOTAL[[#This Row],[Counting Overs]])))*6) + IFERROR(IF(FIND(".",T_MTOTAL[[#This Row],[Counting Overs]])+1>0,RIGHT(T_MTOTAL[[#This Row],[Counting Overs]],1),0),0) -> 300 | AM33: =(LEFT(T_MTOTAL[[#This Row],[Overs]],IFERROR(FIND(".",T_MTOTAL[[#This Row],[Overs]])-1,LEN(T_MTOTAL[[#This Row],[Overs]])))*6) + IFERROR(IF(FIND(".",T_MTOTAL[[#This Row],[Overs]])+1>0,RIGHT(T_MTOTAL[[#This Row],[Overs]],1),0),0) -> 254 | AN33: =IFERROR(IF(MATCH(T_MTOTAL[[#This Row],[ORDER LINK]],T_DL[link],0)>0,INDEX(T_DL[d/l score],MATCH(T_MTOTAL[[#This Row],[ORDER LINK]],T_DL[link],0)),""),T_MTOTAL[[#This Row],[Total]]) -> 184 | AP33: 39 | AQ33: India | AR33: R Ashwin | AS33: 10 | AT33: 0 | AU33: 75 | AV33: 1 | AW33: 7.5 | AX33: 28 | AY33: 7 | AZ33: 4 | BA33: 1 | BC33: 4 | BD33: =CONCATENATE(Table9[[#This Row],[Match Number]],Table9[[#This Row],[Team]],Table9[[#This Row],[BOWL NUM]]) -> 39India4 | BE33: =IFERROR(IF(AND(Table9[[#This Row],[Team]]=I_TEAM,IFERROR(IF(MATCH(Table9[[#This Row],[Bowler]],$AR$5:AR32,0)>0,0),1)),1,0),"") | BF33: =(LEFT(Table9[[#This Row],[Overs]],IFERROR(FIND(".",Table9[[#This Row],[Overs]])-1,LEN(Table9[[#This Row],[Overs]])))*6) + IFERROR(IF(FIND(".",Table9[[#This Row],[Overs]])+1>0,RIGHT(Table9[[#This Row],[Overs]],1),0),0) -> 60 | BG33: =IF(INDEX(T_MATCHSUM[TEAM ONE],MATCH(Table9[[#This Row],[Match Number]],T_MATCHSUM[Match Number],0))=Table9[[#This Row],[Team]],INDEX(T_MATCHSUM[TEAM TWO],MATCH(Table9[[#This Row],[Match Number]],T_MATCHSUM[Match Number],0)),INDEX(T_MATCHSUM[TEAM ONE],MATCH(Table9[[#This Row],[Match Number]],T_MATCHSUM[Match Number],0))) -> ZIMBABWE | BH33: =IF(Table9[[#This Row],[Team]]=I_TEAM,Table9[[#This Row],[Wickets]]*100-Table9[[#This Row],[Runs]],0) -> #REF! | BI33: =Table9[[#This Row],[Wickets]]*100-Table9[[#This Row],[Runs]] -> 25 | BJ33: =IFERROR(IF(MATCH(Table9[[#This Row],[Bowler]],OFFSET(AR34,0,0,BOWLROWS-ROW(AR33)-ROW(Table9[[#Headers],[BOWLER CUML WICKETS]])),0)>0,0,SUMIF($AR$6:AR33,Table9[[#This Row],[Bowler]],$AV$6:AV33)),SUMIF($AR$6:AR33,Table9[[#This Row],[Bowler]],$AV$6:AV33)) -> 0 | BK33: =IFERROR(IF(MATCH(Table9[[#This Row],[Bowler]],OFFSET(AR34,0,0,BOWLROWS-ROW(AR33)-ROW(Table9[[#Headers],[BOWLER CUML WICKETS]])),0)>0,0,SUMIF($AR$6:AR33,Table9[[#This Row],[Bowler]],$AU$6:AU33)),SUMIF($AR$6:AR33,Table9[[#This Row],[Bowler]],$AU$6:AU33)) -> 0 | BL33: =Table9[[#This Row],[BOWLER CUML WICKETS]]*100-Table9[[#This Row],[BOWLER CUML RUNS]] -> 0
A34: 4 | B34: India | C34: Mohammed Shami | D34: not out | E34: 3 | F34: 2 | G34: 3 | H34: 0 | I34: 0 | J34: 100 | K34: 9 | L34: =CONCATENATE(T_BATTINGDATA[[#This Row],[Match]],T_BATTINGDATA[[#This Row],[Team]],T_BATTINGDATA[[#This Row],[Bat Number]]) -> 4India9 | M34: =IFERROR(IF(AND(T_BATTINGDATA[[#This Row],[Team]]=I_TEAM,IFERROR(IF(MATCH(T_BATTINGDATA[[#This Row],[BATSMAN NAME]],$O$5:O33,0)>0,0),1)),1,0),"") | N34: =IF(T_BATTINGDATA[[#This Row],[Team]]=I_TEAM,T_BATTINGDATA[[#This Row],[R]],0) -> #REF! | O34: =LEFT(T_BATTINGDATA[[#This Row],[Batsman]],IFERROR(FIND("*",T_BATTINGDATA[[#This Row],[Batsman]])-1,IFERROR(FIND("†",T_BATTINGDATA[[#This Row],[Batsman]])-1,LEN(T_BATTINGDATA[[#This Row],[Batsman]])))) -> Mohammed Shami | P34: =IFERROR(IF(MATCH(T_BATTINGDATA[[#This Row],[BATSMAN NAME]],OFFSET(O35,0,0,BATROWS-ROW(O34)-ROW(T_BATTINGDATA[[#Headers],[BATSMAN NAME]])),0)>0,0,SUMIF($O$6:O34,T_BATTINGDATA[[#This Row],[BATSMAN NAME]],$E$6:E34)),SUMIF($O$6:O34,T_BATTINGDATA[[#This Row],[BATSMAN NAME]],$E$6:E34)) -> 0 | R34: 9 | S34: England | T34: 6 | U34: 7 | V34: 0 | W34: 0 | X34: 13 | Y34: =CONCATENATE(T_EXTRAS[[#This Row],[Match Number]],T_EXTRAS[[#This Row],[Team Batting]]) -> 9England | AA34: 15 | AB34: West Indies | AC34: 2 | AD34: 372 | AE34: 7.44 | AF34: 50 | AG34: =T_MTOTAL[[#This Row],[Match Number]]&T_MTOTAL[[#This Row],[Team]] -> 15West Indies | AH34: 1 | AI34: =T_MTOTAL[[#This Row],[Match Number]]&" "&T_MTOTAL[[#This Row],[ORDER]] -> 15 1 | AJ34: =IF(INDEX(T_MATCHSUM[TEAM ONE],MATCH(T_MTOTAL[[#This Row],[Match Number]],T_MATCHSUM[Match Number],0))=T_MTOTAL[[#This Row],[Team]],INDEX(T_MATCHSUM[TEAM TWO],MATCH(T_MTOTAL[[#This Row],[Match Number]],T_MATCHSUM[Match Number],0)),INDEX(T_MATCHSUM[TEAM ONE],MATCH(T_MTOTAL[[#This Row],[Match Number]],T_MATCHSUM[Match Number],0))) -> ZIMBABWE | AK34: =IF(OR(T_MTOTAL[[#This Row],[ORDER LINK]]="32 2",T_MTOTAL[[#This Row],[ORDER LINK]]="36 2"),50,IFERROR(IF(MATCH(T_MTOTAL[[#This Row],[ORDER LINK]],T_DL[link],0)>0, INDEX(T_DL[D/L Overs],MATCH(T_MTOTAL[[#This Row],[ORDER LINK]],T_DL[link],0)),IF(T_MTOTAL[[#This Row],[Wickets]]=10, 50,T_MTOTAL[[#This Row],[Overs]])),IF(T_MTOTAL[[#This Row],[Wickets]]=10, 50,T_MTOTAL[[#This Row],[Overs]]))) -> 48 | AL34: =(LEFT(T_MTOTAL[[#This Row],[Counting Overs]],IFERROR(FIND(".",T_MTOTAL[[#This Row],[Counting Overs]])-1,LEN(T_MTOTAL[[#This Row],[Counting Overs]])))*6) + IFERROR(IF(FIND(".",T_MTOTAL[[#This Row],[Counting Overs]])+1>0,RIGHT(T_MTOTAL[[#This Row],[Counting Overs]],1),0),0) -> 288 | AM34: =(LEFT(T_MTOTAL[[#This Row],[Overs]],IFERROR(FIND(".",T_MTOTAL[[#This Row],[Overs]])-1,LEN(T_MTOTAL[[#This Row],[Overs]])))*6) + IFERROR(IF(FIND(".",T_MTOTAL[[#This Row],[Overs]])+1>0,RIGHT(T_MTOTAL[[#This Row],[Overs]],1),0),0) -> 300 | AN34: =IFERROR(IF(MATCH(T_MTOTAL[[#This Row],[ORDER LINK]],T_DL[link],0)>0,INDEX(T_DL[d/l score],MATCH(T_MTOTAL[[#This Row],[ORDER LINK]],T_DL[link],0)),""),T_MTOTAL[[#This Row],[Total]]) -> 362 | AP34: 39 | AQ34: India | AR34: RA Jadeja | AS34: 10 | AT34: 0 | AU34: 71 | AV34: 0 | AW34: 7.1 | AX34: 26 | AY34: 8 | AZ34: 2 | BC34: 5 | BD34: =CONCATENATE(Table9[[#This Row],[Match Number]],Table9[[#This Row],[Team]],Table9[[#This Row],[BOWL NUM]]) -> 39India5 | BE34: =IFERROR(IF(AND(Table9[[#This Row],[Team]]=I_TEAM,IFERROR(IF(MATCH(Table9[[#This Row],[Bowler]],$AR$5:AR33,0)>0,0),1)),1,0),"") | BF34: =(LEFT(Table9[[#This Row],[Overs]],IFERROR(FIND(".",Table9[[#This Row],[Overs]])-1,LEN(Table9[[#This Row],[Overs]])))*6) + IFERROR(IF(FIND(".",Table9[[#This Row],[Overs]])+1>0,RIGHT(Table9[[#This Row],[Overs]],1),0),0) -> 60 | BG34: =IF(INDEX(T_MATCHSUM[TEAM ONE],MATCH(Table9[[#This Row],[Match Number]],T_MATCHSUM[Match Number],0))=Table9[[#This Row],[Team]],INDEX(T_MATCHSUM[TEAM TWO],MATCH(Table9[[#This Row],[Match Number]],T_MATCHSUM[Match Number],0)),INDEX(T_MATCHSUM[TEAM ONE],MATCH(Table9[[#This Row],[Match Number]],T_MATCHSUM[Match Number],0))) -> ZIMBABWE | BH34: =IF(Table9[[#This Row],[Team]]=I_TEAM,Table9[[#This Row],[Wickets]]*100-Table9[[#This Row],[Runs]],0) -> #REF! | BI34: =Table9[[#This Row],[Wickets]]*100-Table9[[#This Row],[Runs]] -> -71 | BJ34: =IFERROR(IF(MATCH(Table9[[#This Row],[Bowler]],OFFSET(AR35,0,0,BOWLROWS-ROW(AR34)-ROW(Table9[[#Headers],[BOWLER CUML WICKETS]])),0)>0,0,SUMIF($AR$6:AR34,Table9[[#This Row],[Bowler]],$AV$6:AV34)),SUMIF($AR$6:AR34,Table9[[#This Row],[Bowler]],$AV$6:AV34)) -> 0 | BK34: =IFERROR(IF(MATCH(Table9[[#This Row],[Bowler]],OFFSET(AR35,0,0,BOWLROWS-ROW(AR34)-ROW(Table9[[#Headers],[BOWLER CUML WICKETS]])),0)>0,0,SUMIF($AR$6:AR34,Table9[[#This Row],[Bowler]],$AU$6:AU34)),SUMIF($AR$6:AR34,Table9[[#This Row],[Bowler]],$AU$6:AU34)) -> 0 | BL34: =Table9[[#This Row],[BOWLER CUML WICKETS]]*100-Table9[[#This Row],[BOWLER CUML RUNS]] -> 0
A35: 4 | B35: Pakistan | C35: Ahmed Shehzad | D35: c Jadeja b Yadav | E35: 47 | F35: 95 | G35: 73 | H35: 5 | I35: 0 | J35: 64.38 | K35: 1 | L35: =CONCATENATE(T_BATTINGDATA[[#This Row],[Match]],T_BATTINGDATA[[#This Row],[Team]],T_BATTINGDATA[[#This Row],[Bat Number]]) -> 4Pakistan1 | M35: =IFERROR(IF(AND(T_BATTINGDATA[[#This Row],[Team]]=I_TEAM,IFERROR(IF(MATCH(T_BATTINGDATA[[#This Row],[BATSMAN NAME]],$O$5:O34,0)>0,0),1)),1,0),"") | N35: =IF(T_BATTINGDATA[[#This Row],[Team]]=I_TEAM,T_BATTINGDATA[[#This Row],[R]],0) -> #REF! | O35: =LEFT(T_BATTINGDATA[[#This Row],[Batsman]],IFERROR(FIND("*",T_BATTINGDATA[[#This Row],[Batsman]])-1,IFERROR(FIND("†",T_BATTINGDATA[[#This Row],[Batsman]])-1,LEN(T_BATTINGDATA[[#This Row],[Batsman]])))) -> Ahmed Shehzad | P35: =IFERROR(IF(MATCH(T_BATTINGDATA[[#This Row],[BATSMAN NAME]],OFFSET(O36,0,0,BATROWS-ROW(O35)-ROW(T_BATTINGDATA[[#Headers],[BATSMAN NAME]])),0)>0,0,SUMIF($O$6:O35,T_BATTINGDATA[[#This Row],[BATSMAN NAME]],$E$6:E35)),SUMIF($O$6:O35,T_BATTINGDATA[[#This Row],[BATSMAN NAME]],$E$6:E35)) -> 0 | R35: 9 | S35: New Zealand | T35: 4 | U35: 8 | V35: 0 | W35: 0 | X35: 12 | Y35: =CONCATENATE(T_EXTRAS[[#This Row],[Match Number]],T_EXTRAS[[#This Row],[Team Batting]]) -> 9New Zealand | AA35: 15 | AB35: Zimbabwe | AC35: 10 | AD35: 289 | AE35: 6.49 | AF35: 44.3 | AG35: =T_MTOTAL[[#This Row],[Match Number]]&T_MTOTAL[[#This Row],[Team]] -> 15Zimbabwe | AH35: 2 | AI35: =T_MTOTAL[[#This Row],[Match Number]]&" "&T_MTOTAL[[#This Row],[ORDER]] -> 15 2 | AJ35: =IF(INDEX(T_MATCHSUM[TEAM ONE],MATCH(T_MTOTAL[[#This Row],[Match Number]],T_MATCHSUM[Match Number],0))=T_MTOTAL[[#This Row],[Team]],INDEX(T_MATCHSUM[TEAM TWO],MATCH(T_MTOTAL[[#This Row],[Match Number]],T_MATCHSUM[Match Number],0)),INDEX(T_MATCHSUM[TEAM ONE],MATCH(T_MTOTAL[[#This Row],[Match Number]],T_MATCHSUM[Match Number],0))) -> WEST INDIES | AK35: =IF(OR(T_MTOTAL[[#This Row],[ORDER LINK]]="32 2",T_MTOTAL[[#This Row],[ORDER LINK]]="36 2"),50,IFERROR(IF(MATCH(T_MTOTAL[[#This Row],[ORDER LINK]],T_DL[link],0)>0, INDEX(T_DL[D/L Overs],MATCH(T_MTOTAL[[#This Row],[ORDER LINK]],T_DL[link],0)),IF(T_MTOTAL[[#This Row],[Wickets]]=10, 50,T_MTOTAL[[#This Row],[Overs]])),IF(T_MTOTAL[[#This Row],[Wickets]]=10, 50,T_MTOTAL[[#This Row],[Overs]]))) -> 48 | AL35: =(LEFT(T_MTOTAL[[#This Row],[Counting Overs]],IFERROR(FIND(".",T_MTOTAL[[#This Row],[Counting Overs]])-1,LEN(T_MTOTAL[[#This Row],[Counting Overs]])))*6) + IFERROR(IF(FIND(".",T_MTOTAL[[#This Row],[Counting Overs]])+1>0,RIGHT(T_MTOTAL[[#This Row],[Counting Overs]],1),0),0) -> 288 | AM35: =(LEFT(T_MTOTAL[[#This Row],[Overs]],IFERROR(FIND(".",T_MTOTAL[[#This Row],[Overs]])-1,LEN(T_MTOTAL[[#This Row],[Overs]])))*6) + IFERROR(IF(FIND(".",T_MTOTAL[[#This Row],[Overs]])+1>0,RIGHT(T_MTOTAL[[#This Row],[Overs]],1),0),0) -> 267 | AN35: =IFERROR(IF(MATCH(T_MTOTAL[[#This Row],[ORDER LINK]],T_DL[link],0)>0,INDEX(T_DL[d/l score],MATCH(T_MTOTAL[[#This Row],[ORDER LINK]],T_DL[link],0)),""),T_MTOTAL[[#This Row],[Total]]) -> 289 | AP35: 39 | AQ35: Zimbabwe | AR35: T Panyangara | AS35: 8.4 | AT35: 1 | AU35: 53 | AV35: 2 | AW35: 6.11 | AX35: 30 | AY35: 5 | AZ35: 2 | BA35: 2 | BC35: 1 | BD35: =CONCATENATE(Table9[[#This Row],[Match Number]],Table9[[#This Row],[Team]],Table9[[#This Row],[BOWL NUM]]) -> 39Zimbabwe1 | BE35: =IFERROR(IF(AND(Table9[[#This Row],[Team]]=I_TEAM,IFERROR(IF(MATCH(Table9[[#This Row],[Bowler]],$AR$5:AR34,0)>0,0),1)),1,0),"") | BF35: =(LEFT(Table9[[#This Row],[Overs]],IFERROR(FIND(".",Table9[[#This Row],[Overs]])-1,LEN(Table9[[#This Row],[Overs]])))*6) + IFERROR(IF(FIND(".",Table9[[#This Row],[Overs]])+1>0,RIGHT(Table9[[#This Row],[Overs]],1),0),0) -> 52 | BG35: =IF(INDEX(T_MATCHSUM[TEAM ONE],MATCH(Table9[[#This Row],[Match Number]],T_MATCHSUM[Match Number],0))=Table9[[#This Row],[Team]],INDEX(T_MATCHSUM[TEAM TWO],MATCH(Table9[[#This Row],[Match Number]],T_MATCHSUM[Match Number],0)),INDEX(T_MATCHSUM[TEAM ONE],MATCH(Table9[[#This Row],[Match Number]],T_MATCHSUM[Match Number],0))) -> INDIA | BH35: =IF(Table9[[#This Row],[Team]]=I_TEAM,Table9[[#This Row],[Wickets]]*100-Table9[[#This Row],[Runs]],0) -> #REF! | BI35: =Table9[[#This Row],[Wickets]]*100-Table9[[#This Row],[Runs]] -> 147 | BJ35: =IFERROR(IF(MATCH(Table9[[#This Row],[Bowler]],OFFSET(AR36,0,0,BOWLROWS-ROW(AR35)-ROW(Table9[[#Headers],[BOWLER CUML WICKETS]])),0)>0,0,SUMIF($AR$6:AR35,Table9[[#This Row],[Bowler]],$AV$6:AV35)),SUMIF($AR$6:AR35,Table9[[#This Row],[Bowler]],$AV$6:AV35)) -> 0 | BK35: =IFERROR(IF(MATCH(Table9[[#This Row],[Bowler]],OFFSET(AR36,0,0,BOWLROWS-ROW(AR35)-ROW(Table9[[#Headers],[BOWLER CUML WICKETS]])),0)>0,0,SUMIF($AR$6:AR35,Table9[[#This Row],[Bowler]],$AU$6:AU35)),SUMIF($AR$6:AR35,Table9[[#This Row],[Bowler]],$AU$6:AU35)) -> 0 | BL35: =Table9[[#This Row],[BOWLER CUML WICKETS]]*100-Table9[[#This Row],[BOWLER CUML RUNS]] -> 0
A36: 4 | B36: Pakistan | C36: Younis Khan | D36: c †Dhoni b Mohammed Shami | E36: 6 | F36: 13 | G36: 10 | H36: 1 | I36: 0 | J36: 60 | K36: 2 | L36: =CONCATENATE(T_BATTINGDATA[[#This Row],[Match]],T_BATTINGDATA[[#This Row],[Team]],T_BATTINGDATA[[#This Row],[Bat Number]]) -> 4Pakistan2 | M36: =IFERROR(IF(AND(T_BATTINGDATA[[#This Row],[Team]]=I_TEAM,IFERROR(IF(MATCH(T_BATTINGDATA[[#This Row],[BATSMAN NAME]],$O$5:O35,0)>0,0),1)),1,0),"") | N36: =IF(T_BATTINGDATA[[#This Row],[Team]]=I_TEAM,T_BATTINGDATA[[#This Row],[R]],0) -> #REF! | O36: =LEFT(T_BATTINGDATA[[#This Row],[Batsman]],IFERROR(FIND("*",T_BATTINGDATA[[#This Row],[Batsman]])-1,IFERROR(FIND("†",T_BATTINGDATA[[#This Row],[Batsman]])-1,LEN(T_BATTINGDATA[[#This Row],[Batsman]])))) -> Younis Khan | P36: =IFERROR(IF(MATCH(T_BATTINGDATA[[#This Row],[BATSMAN NAME]],OFFSET(O37,0,0,BATROWS-ROW(O36)-ROW(T_BATTINGDATA[[#Headers],[BATSMAN NAME]])),0)>0,0,SUMIF($O$6:O36,T_BATTINGDATA[[#This Row],[BATSMAN NAME]],$E$6:E36)),SUMIF($O$6:O36,T_BATTINGDATA[[#This Row],[BATSMAN NAME]],$E$6:E36)) -> 0 | R36: 10 | S36: West Indies | T36: 6 | U36: 14 | V36: 1 | W36: 2 | X36: 23 | Y36: =CONCATENATE(T_EXTRAS[[#This Row],[Match Number]],T_EXTRAS[[#This Row],[Team Batting]]) -> 10West Indies | AA36: 16 | AB36: UAE | AC36: 9 | AD36: 278 | AE36: 5.56 | AF36: 50 | AG36: =T_MTOTAL[[#This Row],[Match Number]]&T_MTOTAL[[#This Row],[Team]] -> 16UAE | AH36: 1 | AI36: =T_MTOTAL[[#This Row],[Match Number]]&" "&T_MTOTAL[[#This Row],[ORDER]] -> 16 1 | AJ36: =IF(INDEX(T_MATCHSUM[TEAM ONE],MATCH(T_MTOTAL[[#This Row],[Match Number]],T_MATCHSUM[Match Number],0))=T_MTOTAL[[#This Row],[Team]],INDEX(T_MATCHSUM[TEAM TWO],MATCH(T_MTOTAL[[#This Row],[Match Number]],T_MATCHSUM[Match Number],0)),INDEX(T_MATCHSUM[TEAM ONE],MATCH(T_MTOTAL[[#This Row],[Match Number]],T_MATCHSUM[Match Number],0))) -> IRELAND | AK36: =IF(OR(T_MTOTAL[[#This Row],[ORDER LINK]]="32 2",T_MTOTAL[[#This Row],[ORDER LINK]]="36 2"),50,IFERROR(IF(MATCH(T_MTOTAL[[#This Row],[ORDER LINK]],T_DL[link],0)>0, INDEX(T_DL[D/L Overs],MATCH(T_MTOTAL[[#This Row],[ORDER LINK]],T_DL[link],0)),IF(T_MTOTAL[[#This Row],[Wickets]]=10, 50,T_MTOTAL[[#This Row],[Overs]])),IF(T_MTOTAL[[#This Row],[Wickets]]=10, 50,T_MTOTAL[[#This Row],[Overs]]))) -> 50 | AL36: =(LEFT(T_MTOTAL[[#This Row],[Counting Overs]],IFERROR(FIND(".",T_MTOTAL[[#This Row],[Counting Overs]])-1,LEN(T_MTOTAL[[#This Row],[Counting Overs]])))*6) + IFERROR(IF(FIND(".",T_MTOTAL[[#This Row],[Counting Overs]])+1>0,RIGHT(T_MTOTAL[[#This Row],[Counting Overs]],1),0),0) -> 300 | AM36: =(LEFT(T_MTOTAL[[#This Row],[Overs]],IFERROR(FIND(".",T_MTOTAL[[#This Row],[Overs]])-1,LEN(T_MTOTAL[[#This Row],[Overs]])))*6) + IFERROR(IF(FIND(".",T_MTOTAL[[#This Row],[Overs]])+1>0,RIGHT(T_MTOTAL[[#This Row],[Overs]],1),0),0) -> 300 | AN36: =IFERROR(IF(MATCH(T_MTOTAL[[#This Row],[ORDER LINK]],T_DL[link],0)>0,INDEX(T_DL[d/l score],MATCH(T_MTOTAL[[#This Row],[ORDER LINK]],T_DL[link],0)),""),T_MTOTAL[[#This Row],[Total]]) -> 278 | AP36: 39 | AQ36: Zimbabwe | AR36: TL Chatara | AS36: 10 | AT36: 1 | AU36: 59 | AV36: 0 | AW36: 5.9 | AX36: 35 | AY36: 8 | AZ36: 0 | BA36: 6 | BB36: 1 | BC36: 2 | BD36: =CONCATENATE(Table9[[#This Row],[Match Number]],Table9[[#This Row],[Team]],Table9[[#This Row],[BOWL NUM]]) -> 39Zimbabwe2 | BE36: =IFERROR(IF(AND(Table9[[#This Row],[Team]]=I_TEAM,IFERROR(IF(MATCH(Table9[[#This Row],[Bowler]],$AR$5:AR35,0)>0,0),1)),1,0),"") | BF36: =(LEFT(Table9[[#This Row],[Overs]],IFERROR(FIND(".",Table9[[#This Row],[Overs]])-1,LEN(Table9[[#This Row],[Overs]])))*6) + IFERROR(IF(FIND(".",Table9[[#This Row],[Overs]])+1>0,RIGHT(Table9[[#This Row],[Overs]],1),0),0) -> 60 | BG36: =IF(INDEX(T_MATCHSUM[TEAM ONE],MATCH(Table9[[#This Row],[Match Number]],T_MATCHSUM[Match Number],0))=Table9[[#This Row],[Team]],INDEX(T_MATCHSUM[TEAM TWO],MATCH(Table9[[#This Row],[Match Number]],T_MATCHSUM[Match Number],0)),INDEX(T_MATCHSUM[TEAM ONE],MATCH(Table9[[#This Row],[Match Number]],T_MATCHSUM[Match Number],0))) -> INDIA | BH36: =IF(Table9[[#This Row],[Team]]=I_TEAM,Table9[[#This Row],[Wickets]]*100-Table9[[#This Row],[Runs]],0) -> #REF! | BI36: =Table9[[#This Row],[Wickets]]*100-Table9[[#This Row],[Runs]] -> -59 | BJ36: =IFERROR(IF(MATCH(Table9[[#This Row],[Bowler]],OFFSET(AR37,0,0,BOWLROWS-ROW(AR36)-ROW(Table9[[#Headers],[BOWLER CUML WICKETS]])),0)>0,0,SUMIF($AR$6:AR36,Table9[[#This Row],[Bowler]],$AV$6:AV36)),SUMIF($AR$6:AR36,Table9[[#This Row],[Bowler]],$AV$6:AV36)) -> 0 | BK36: =IFERROR(IF(MATCH(Table9[[#This Row],[Bowler]],OFFSET(AR37,0,0,BOWLROWS-ROW(AR36)-ROW(Table9[[#Headers],[BOWLER CUML WICKETS]])),0)>0,0,SUMIF($AR$6:AR36,Table9[[#This Row],[Bowler]],$AU$6:AU36)),SUMIF($AR$6:AR36,Table9[[#This Row],[Bowler]],$AU$6:AU36)) -> 0 | BL36: =Table9[[#This Row],[BOWLER CUML WICKETS]]*100-Table9[[#This Row],[BOWLER CUML RUNS]] -> 0
A37: 4 | B37: Pakistan | C37: Haris Sohail | D37: c Raina b Ashwin | E37: 36 | F37: 60 | G37: 48 | H37: 3 | I37: 0 | J37: 75 | K37: 3 | L37: =CONCATENATE(T_BATTINGDATA[[#This Row],[Match]],T_BATTINGDATA[[#This Row],[Team]],T_BATTINGDATA[[#This Row],[Bat Number]]) -> 4Pakistan3 | M37: =IFERROR(IF(AND(T_BATTINGDATA[[#This Row],[Team]]=I_TEAM,IFERROR(IF(MATCH(T_BATTINGDATA[[#This Row],[BATSMAN NAME]],$O$5:O36,0)>0,0),1)),1,0),"") | N37: =IF(T_BATTINGDATA[[#This Row],[Team]]=I_TEAM,T_BATTINGDATA[[#This Row],[R]],0) -> #REF! | O37: =LEFT(T_BATTINGDATA[[#This Row],[Batsman]],IFERROR(FIND("*",T_BATTINGDATA[[#This Row],[Batsman]])-1,IFERROR(FIND("†",T_BATTINGDATA[[#This Row],[Batsman]])-1,LEN(T_BATTINGDATA[[#This Row],[Batsman]])))) -> Haris Sohail | P37: =IFERROR(IF(MATCH(T_BATTINGDATA[[#This Row],[BATSMAN NAME]],OFFSET(O38,0,0,BATROWS-ROW(O37)-ROW(T_BATTINGDATA[[#Headers],[BATSMAN NAME]])),0)>0,0,SUMIF($O$6:O37,T_BATTINGDATA[[#This Row],[BATSMAN NAME]],$E$6:E37)),SUMIF($O$6:O37,T_BATTINGDATA[[#This Row],[BATSMAN NAME]],$E$6:E37)) -> 0 | R37: 10 | S37: Pakistan | T37: 3 | U37: 5 | V37: 1 | W37: 0 | X37: 9 | Y37: =CONCATENATE(T_EXTRAS[[#This Row],[Match Number]],T_EXTRAS[[#This Row],[Team Batting]]) -> 10Pakistan | AA37: 16 | AB37: Ireland | AC37: 8 | AD37: 279 | AE37: 5.65 | AF37: 49.2 | AG37: =T_MTOTAL[[#This Row],[Match Number]]&T_MTOTAL[[#This Row],[Team]] -> 16Ireland | AH37: 2 | AI37: =T_MTOTAL[[#This Row],[Match Number]]&" "&T_MTOTAL[[#This Row],[ORDER]] -> 16 2 | AJ37: =IF(INDEX(T_MATCHSUM[TEAM ONE],MATCH(T_MTOTAL[[#This Row],[Match Number]],T_MATCHSUM[Match Number],0))=T_MTOTAL[[#This Row],[Team]],INDEX(T_MATCHSUM[TEAM TWO],MATCH(T_MTOTAL[[#This Row],[Match Number]],T_MATCHSUM[Match Number],0)),INDEX(T_MATCHSUM[TEAM ONE],MATCH(T_MTOTAL[[#This Row],[Match Number]],T_MATCHSUM[Match Number],0))) -> UAE | AK37: =IF(OR(T_MTOTAL[[#This Row],[ORDER LINK]]="32 2",T_MTOTAL[[#This Row],[ORDER LINK]]="36 2"),50,IFERROR(IF(MATCH(T_MTOTAL[[#This Row],[ORDER LINK]],T_DL[link],0)>0, INDEX(T_DL[D/L Overs],MATCH(T_MTOTAL[[#This Row],[ORDER LINK]],T_DL[link],0)),IF(T_MTOTAL[[#This Row],[Wickets]]=10, 50,T_MTOTAL[[#This Row],[Overs]])),IF(T_MTOTAL[[#This Row],[Wickets]]=10, 50,T_MTOTAL[[#This Row],[Overs]]))) -> 49.2 | AL37: =(LEFT(T_MTOTAL[[#This Row],[Counting Overs]],IFERROR(FIND(".",T_MTOTAL[[#This Row],[Counting Overs]])-1,LEN(T_MTOTAL[[#This Row],[Counting Overs]])))*6) + IFERROR(IF(FIND(".",T_MTOTAL[[#This Row],[Counting Overs]])+1>0,RIGHT(T_MTOTAL[[#This Row],[Counting Overs]],1),0),0) -> 296 | AM37: =(LEFT(T_MTOTAL[[#This Row],[Overs]],IFERROR(FIND(".",T_MTOTAL[[#This Row],[Overs]])-1,LEN(T_MTOTAL[[#This Row],[Overs]])))*6) + IFERROR(IF(FIND(".",T_MTOTAL[[#This Row],[Overs]])+1>0,RIGHT(T_MTOTAL[[#This Row],[Overs]],1),0),0) -> 296 | AN37: =IFERROR(IF(MATCH(T_MTOTAL[[#This Row],[ORDER LINK]],T_DL[link],0)>0,INDEX(T_DL[d/l score],MATCH(T_MTOTAL[[#This Row],[ORDER LINK]],T_DL[link],0)),""),T_MTOTAL[[#This Row],[Total]]) -> 279 | AP37: 39 | AQ37: Zimbabwe | AR37: T Mupariwa | AS37: 10 | AT37: 0 | AU37: 61 | AV37: 0 | AW37: 6.1 | AX37: 25 | AY37: 5 | AZ37: 1 | BA37: 2 | BC37: 3 | BD37: =CONCATENATE(Table9[[#This Row],[Match Number]],Table9[[#This Row],[Team]],Table9[[#This Row],[BOWL NUM]]) -> 39Zimbabwe3 | BE37: =IFERROR(IF(AND(Table9[[#This Row],[Team]]=I_TEAM,IFERROR(IF(MATCH(Table9[[#This Row],[Bowler]],$AR$5:AR36,0)>0,0),1)),1,0),"") | BF37: =(LEFT(Table9[[#This Row],[Overs]],IFERROR(FIND(".",Table9[[#This Row],[Overs]])-1,LEN(Table9[[#This Row],[Overs]])))*6) + IFERROR(IF(FIND(".",Table9[[#This Row],[Overs]])+1>0,RIGHT(Table9[[#This Row],[Overs]],1),0),0) -> 60 | BG37: =IF(INDEX(T_MATCHSUM[TEAM ONE],MATCH(Table9[[#This Row],[Match Number]],T_MATCHSUM[Match Number],0))=Table9[[#This Row],[Team]],INDEX(T_MATCHSUM[TEAM TWO],MATCH(Table9[[#This Row],[Match Number]],T_MATCHSUM[Match Number],0)),INDEX(T_MATCHSUM[TEAM ONE],MATCH(Table9[[#This Row],[Match Number]],T_MATCHSUM[Match Number],0))) -> INDIA | BH37: =IF(Table9[[#This Row],[Team]]=I_TEAM,Table9[[#This Row],[Wickets]]*100-Table9[[#This Row],[Runs]],0) -> #REF! | BI37: =Table9[[#This Row],[Wickets]]*100-Table9[[#This Row],[Runs]] -> -61 | BJ37: =IFERROR(IF(MATCH(Table9[[#This Row],[Bowler]],OFFSET(AR38,0,0,BOWLROWS-ROW(AR37)-ROW(Table9[[#Headers],[BOWLER CUML WICKETS]])),0)>0,0,SUMIF($AR$6:AR37,Table9[[#This Row],[Bowler]],$AV$6:AV37)),SUMIF($AR$6:AR37,Table9[[#This Row],[Bowler]],$AV$6:AV37)) -> 0 | BK37: =IFERROR(IF(MATCH(Table9[[#This Row],[Bowler]],OFFSET(AR38,0,0,BOWLROWS-ROW(AR37)-ROW(Table9[[#Headers],[BOWLER CUML WICKETS]])),0)>0,0,SUMIF($AR$6:AR37,Table9[[#This Row],[Bowler]],$AU$6:AU37)),SUMIF($AR$6:AR37,Table9[[#This Row],[Bowler]],$AU$6:AU37)) -> 0 | BL37: =Table9[[#This Row],[BOWLER CUML WICKETS]]*100-Table9[[#This Row],[BOWLER CUML RUNS]] -> 0
A38: 4 | B38: Pakistan | C38: Misbah-ul-Haq* | D38: c Rahane b Mohammed Shami | E38: 76 | F38: 118 | G38: 84 | H38: 9 | I38: 1 | J38: 90.47 | K38: 4 | L38: =CONCATENATE(T_BATTINGDATA[[#This Row],[Match]],T_BATTINGDATA[[#This Row],[Team]],T_BATTINGDATA[[#This Row],[Bat Number]]) -> 4Pakistan4 | M38: =IFERROR(IF(AND(T_BATTINGDATA[[#This Row],[Team]]=I_TEAM,IFERROR(IF(MATCH(T_BATTINGDATA[[#This Row],[BATSMAN NAME]],$O$5:O37,0)>0,0),1)),1,0),"") | N38: =IF(T_BATTINGDATA[[#This Row],[Team]]=I_TEAM,T_BATTINGDATA[[#This Row],[R]],0) -> #REF! | O38: =LEFT(T_BATTINGDATA[[#This Row],[Batsman]],IFERROR(FIND("*",T_BATTINGDATA[[#This Row],[Batsman]])-1,IFERROR(FIND("†",T_BATTINGDATA[[#This Row],[Batsman]])-1,LEN(T_BATTINGDATA[[#This Row],[Batsman]])))) -> Misbah-ul-Haq | P38: =IFERROR(IF(MATCH(T_BATTINGDATA[[#This Row],[BATSMAN NAME]],OFFSET(O39,0,0,BATROWS-ROW(O38)-ROW(T_BATTINGDATA[[#Headers],[BATSMAN NAME]])),0)>0,0,SUMIF($O$6:O38,T_BATTINGDATA[[#This Row],[BATSMAN NAME]],$E$6:E38)),SUMIF($O$6:O38,T_BATTINGDATA[[#This Row],[BATSMAN NAME]],$E$6:E38)) -> 0 | R38: 12 | S38: Afghanistan | T38: 6 | U38: 16 | V38: 1 | W38: 0 | X38: 23 | Y38: =CONCATENATE(T_EXTRAS[[#This Row],[Match Number]],T_EXTRAS[[#This Row],[Team Batting]]) -> 12Afghanistan | AA38: 17 | AB38: Scotland | AC38: 10 | AD38: 210 | AE38: 4.2 | AF38: 50 | AG38: =T_MTOTAL[[#This Row],[Match Number]]&T_MTOTAL[[#This Row],[Team]] -> 17Scotland | AH38: 1 | AI38: =T_MTOTAL[[#This Row],[Match Number]]&" "&T_MTOTAL[[#This Row],[ORDER]] -> 17 1 | AJ38: =IF(INDEX(T_MATCHSUM[TEAM ONE],MATCH(T_MTOTAL[[#This Row],[Match Number]],T_MATCHSUM[Match Number],0))=T_MTOTAL[[#This Row],[Team]],INDEX(T_MATCHSUM[TEAM TWO],MATCH(T_MTOTAL[[#This Row],[Match Number]],T_MATCHSUM[Match Number],0)),INDEX(T_MATCHSUM[TEAM ONE],MATCH(T_MTOTAL[[#This Row],[Match Number]],T_MATCHSUM[Match Number],0))) -> AFGHANISTAN | AK38: =IF(OR(T_MTOTAL[[#This Row],[ORDER LINK]]="32 2",T_MTOTAL[[#This Row],[ORDER LINK]]="36 2"),50,IFERROR(IF(MATCH(T_MTOTAL[[#This Row],[ORDER LINK]],T_DL[link],0)>0, INDEX(T_DL[D/L Overs],MATCH(T_MTOTAL[[#This Row],[ORDER LINK]],T_DL[link],0)),IF(T_MTOTAL[[#This Row],[Wickets]]=10, 50,T_MTOTAL[[#This Row],[Overs]])),IF(T_MTOTAL[[#This Row],[Wickets]]=10, 50,T_MTOTAL[[#This Row],[Overs]]))) -> 50 | AL38: =(LEFT(T_MTOTAL[[#This Row],[Counting Overs]],IFERROR(FIND(".",T_MTOTAL[[#This Row],[Counting Overs]])-1,LEN(T_MTOTAL[[#This Row],[Counting Overs]])))*6) + IFERROR(IF(FIND(".",T_MTOTAL[[#This Row],[Counting Overs]])+1>0,RIGHT(T_MTOTAL[[#This Row],[Counting Overs]],1),0),0) -> 300 | AM38: =(LEFT(T_MTOTAL[[#This Row],[Overs]],IFERROR(FIND(".",T_MTOTAL[[#This Row],[Overs]])-1,LEN(T_MTOTAL[[#This Row],[Overs]])))*6) + IFERROR(IF(FIND(".",T_MTOTAL[[#This Row],[Overs]])+1>0,RIGHT(T_MTOTAL[[#This Row],[Overs]],1),0),0) -> 300 | AN38: =IFERROR(IF(MATCH(T_MTOTAL[[#This Row],[ORDER LINK]],T_DL[link],0)>0,INDEX(T_DL[d/l score],MATCH(T_MTOTAL[[#This Row],[ORDER LINK]],T_DL[link],0)),""),T_MTOTAL[[#This Row],[Total]]) -> 210 | AP38: 39 | AQ38: Zimbabwe | AR38: SF Mire | AS38: 5 | AT38: 0 | AU38: 29 | AV38: 0 | AW38: 5.8 | AX38: 15 | AY38: 4 | AZ38: 0 | BC38: 4 | BD38: =CONCATENATE(Table9[[#This Row],[Match Number]],Table9[[#This Row],[Team]],Table9[[#This Row],[BOWL NUM]]) -> 39Zimbabwe4 | BE38: =IFERROR(IF(AND(Table9[[#This Row],[Team]]=I_TEAM,IFERROR(IF(MATCH(Table9[[#This Row],[Bowler]],$AR$5:AR37,0)>0,0),1)),1,0),"") | BF38: =(LEFT(Table9[[#This Row],[Overs]],IFERROR(FIND(".",Table9[[#This Row],[Overs]])-1,LEN(Table9[[#This Row],[Overs]])))*6) + IFERROR(IF(FIND(".",Table9[[#This Row],[Overs]])+1>0,RIGHT(Table9[[#This Row],[Overs]],1),0),0) -> 30 | BG38: =IF(INDEX(T_MATCHSUM[TEAM ONE],MATCH(Table9[[#This Row],[Match Number]],T_MATCHSUM[Match Number],0))=Table9[[#This Row],[Team]],INDEX(T_MATCHSUM[TEAM TWO],MATCH(Table9[[#This Row],[Match Number]],T_MATCHSUM[Match Number],0)),INDEX(T_MATCHSUM[TEAM ONE],MATCH(Table9[[#This Row],[Match Number]],T_MATCHSUM[Match Number],0))) -> INDIA | BH38: =IF(Table9[[#This Row],[Team]]=I_TEAM,Table9[[#This Row],[Wickets]]*100-Table9[[#This Row],[Runs]],0) -> #REF! | BI38: =Table9[[#This Row],[Wickets]]*100-Table9[[#This Row],[Runs]] -> -29 | BJ38: =IFERROR(IF(MATCH(Table9[[#This Row],[Bowler]],OFFSET(AR39,0,0,BOWLROWS-ROW(AR38)-ROW(Table9[[#Headers],[BOWLER CUML WICKETS]])),0)>0,0,SUMIF($AR$6:AR38,Table9[[#This Row],[Bowler]],$AV$6:AV38)),SUMIF($AR$6:AR38,Table9[[#This Row],[Bowler]],$AV$6:AV38)) -> 0 | BK38: =IFERROR(IF(MATCH(Table9[[#This Row],[Bowler]],OFFSET(AR39,0,0,BOWLROWS-ROW(AR38)-ROW(Table9[[#Headers],[BOWLER CUML WICKETS]])),0)>0,0,SUMIF($AR$6:AR38,Table9[[#This Row],[Bowler]],$AU$6:AU38)),SUMIF($AR$6:AR38,Table9[[#This Row],[Bowler]],$AU$6:AU38)) -> 0 | BL38: =Table9[[#This Row],[BOWLER CUML WICKETS]]*100-Table9[[#This Row],[BOWLER CUML RUNS]] -> 0
A39: 4 | B39: Pakistan | C39: Sohaib Maqsood | D39: c Raina b Yadav | E39: 0 | F39: 1 | G39: 2 | H39: 0 | I39: 0 | J39: 0 | K39: 5 | L39: =CONCATENATE(T_BATTINGDATA[[#This Row],[Match]],T_BATTINGDATA[[#This Row],[Team]],T_BATTINGDATA[[#This Row],[Bat Number]]) -> 4Pakistan5 | M39: =IFERROR(IF(AND(T_BATTINGDATA[[#This Row],[Team]]=I_TEAM,IFERROR(IF(MATCH(T_BATTINGDATA[[#This Row],[BATSMAN NAME]],$O$5:O38,0)>0,0),1)),1,0),"") | N39: =IF(T_BATTINGDATA[[#This Row],[Team]]=I_TEAM,T_BATTINGDATA[[#This Row],[R]],0) -> #REF! | O39: =LEFT(T_BATTINGDATA[[#This Row],[Batsman]],IFERROR(FIND("*",T_BATTINGDATA[[#This Row],[Batsman]])-1,IFERROR(FIND("†",T_BATTINGDATA[[#This Row],[Batsman]])-1,LEN(T_BATTINGDATA[[#This Row],[Batsman]])))) -> Sohaib Maqsood | P39: =IFERROR(IF(MATCH(T_BATTINGDATA[[#This Row],[BATSMAN NAME]],OFFSET(O40,0,0,BATROWS-ROW(O39)-ROW(T_BATTINGDATA[[#Headers],[BATSMAN NAME]])),0)>0,0,SUMIF($O$6:O39,T_BATTINGDATA[[#This Row],[BATSMAN NAME]],$E$6:E39)),SUMIF($O$6:O39,T_BATTINGDATA[[#This Row],[BATSMAN NAME]],$E$6:E39)) -> 0 | R39: 12 | S39: Sri Lanka | T39: 2 | U39: 3 | V39: 1 | W39: 0 | X39: 6 | Y39: =CONCATENATE(T_EXTRAS[[#This Row],[Match Number]],T_EXTRAS[[#This Row],[Team Batting]]) -> 12Sri Lanka | AA39: 17 | AB39: Afghanistan | AC39: 9 | AD39: 211 | AE39: 4.26 | AF39: 49.3 | AG39: =T_MTOTAL[[#This Row],[Match Number]]&T_MTOTAL[[#This Row],[Team]] -> 17Afghanistan | AH39: 2 | AI39: =T_MTOTAL[[#This Row],[Match Number]]&" "&T_MTOTAL[[#This Row],[ORDER]] -> 17 2 | AJ39: =IF(INDEX(T_MATCHSUM[TEAM ONE],MATCH(T_MTOTAL[[#This Row],[Match Number]],T_MATCHSUM[Match Number],0))=T_MTOTAL[[#This Row],[Team]],INDEX(T_MATCHSUM[TEAM TWO],MATCH(T_MTOTAL[[#This Row],[Match Number]],T_MATCHSUM[Match Number],0)),INDEX(T_MATCHSUM[TEAM ONE],MATCH(T_MTOTAL[[#This Row],[Match Number]],T_MATCHSUM[Match Number],0))) -> SCOTLAND | AK39: =IF(OR(T_MTOTAL[[#This Row],[ORDER LINK]]="32 2",T_MTOTAL[[#This Row],[ORDER LINK]]="36 2"),50,IFERROR(IF(MATCH(T_MTOTAL[[#This Row],[ORDER LINK]],T_DL[link],0)>0, INDEX(T_DL[D/L Overs],MATCH(T_MTOTAL[[#This Row],[ORDER LINK]],T_DL[link],0)),IF(T_MTOTAL[[#This Row],[Wickets]]=10, 50,T_MTOTAL[[#This Row],[Overs]])),IF(T_MTOTAL[[#This Row],[Wickets]]=10, 50,T_MTOTAL[[#This Row],[Overs]]))) -> 49.3 | AL39: =(LEFT(T_MTOTAL[[#This Row],[Counting Overs]],IFERROR(FIND(".",T_MTOTAL[[#This Row],[Counting Overs]])-1,LEN(T_MTOTAL[[#This Row],[Counting Overs]])))*6) + IFERROR(IF(FIND(".",T_MTOTAL[[#This Row],[Counting Overs]])+1>0,RIGHT(T_MTOTAL[[#This Row],[Counting Overs]],1),0),0) -> 297 | AM39: =(LEFT(T_MTOTAL[[#This Row],[Overs]],IFERROR(FIND(".",T_MTOTAL[[#This Row],[Overs]])-1,LEN(T_MTOTAL[[#This Row],[Overs]])))*6) + IFERROR(IF(FIND(".",T_MTOTAL[[#This Row],[Overs]])+1>0,RIGHT(T_MTOTAL[[#This Row],[Overs]],1),0),0) -> 297 | AN39: =IFERROR(IF(MATCH(T_MTOTAL[[#This Row],[ORDER LINK]],T_DL[link],0)>0,INDEX(T_DL[d/l score],MATCH(T_MTOTAL[[#This Row],[ORDER LINK]],T_DL[link],0)),""),T_MTOTAL[[#This Row],[Total]]) -> 211 | AP39: 39 | AQ39: Zimbabwe | AR39: SC Williams | AS39: 5 | AT39: 0 | AU39: 31 | AV39: 0 | AW39: 6.2 | AX39: 16 | AY39: 2 | AZ39: 2 | BC39: 5 | BD39: =CONCATENATE(Table9[[#This Row],[Match Number]],Table9[[#This Row],[Team]],Table9[[#This Row],[BOWL NUM]]) -> 39Zimbabwe5 | BE39: =IFERROR(IF(AND(Table9[[#This Row],[Team]]=I_TEAM,IFERROR(IF(MATCH(Table9[[#This Row],[Bowler]],$AR$5:AR38,0)>0,0),1)),1,0),"") | BF39: =(LEFT(Table9[[#This Row],[Overs]],IFERROR(FIND(".",Table9[[#This Row],[Overs]])-1,LEN(Table9[[#This Row],[Overs]])))*6) + IFERROR(IF(FIND(".",Table9[[#This Row],[Overs]])+1>0,RIGHT(Table9[[#This Row],[Overs]],1),0),0) -> 30 | BG39: =IF(INDEX(T_MATCHSUM[TEAM ONE],MATCH(Table9[[#This Row],[Match Number]],T_MATCHSUM[Match Number],0))=Table9[[#This Row],[Team]],INDEX(T_MATCHSUM[TEAM TWO],MATCH(Table9[[#This Row],[Match Number]],T_MATCHSUM[Match Number],0)),INDEX(T_MATCHSUM[TEAM ONE],MATCH(Table9[[#This Row],[Match Number]],T_MATCHSUM[Match Number],0))) -> INDIA | BH39: =IF(Table9[[#This Row],[Team]]=I_TEAM,Table9[[#This Row],[Wickets]]*100-Table9[[#This Row],[Runs]],0) -> #REF! | BI39: =Table9[[#This Row],[Wickets]]*100-Table9[[#This Row],[Runs]] -> -31 | BJ39: =IFERROR(IF(MATCH(Table9[[#This Row],[Bowler]],OFFSET(AR40,0,0,BOWLROWS-ROW(AR39)-ROW(Table9[[#Headers],[BOWLER CUML WICKETS]])),0)>0,0,SUMIF($AR$6:AR39,Table9[[#This Row],[Bowler]],$AV$6:AV39)),SUMIF($AR$6:AR39,Table9[[#This Row],[Bowler]],$AV$6:AV39)) -> 0 | BK39: =IFERROR(IF(MATCH(Table9[[#This Row],[Bowler]],OFFSET(AR40,0,0,BOWLROWS-ROW(AR39)-ROW(Table9[[#Headers],[BOWLER CUML WICKETS]])),0)>0,0,SUMIF($AR$6:AR39,Table9[[#This Row],[Bowler]],$AU$6:AU39)),SUMIF($AR$6:AR39,Table9[[#This Row],[Bowler]],$AU$6:AU39)) -> 0 | BL39: =Table9[[#This Row],[BOWLER CUML WICKETS]]*100-Table9[[#This Row],[BOWLER CUML RUNS]] -> 0
A40: 4 | B40: Pakistan | C40: Umar Akmal† | D40: c †Dhoni b Jadeja | E40: 0 | F40: 5 | G40: 4 | H40: 0 | I40: 0 | J40: 0 | K40: 6 | L40: =CONCATENATE(T_BATTINGDATA[[#This Row],[Match]],T_BATTINGDATA[[#This Row],[Team]],T_BATTINGDATA[[#This Row],[Bat Number]]) -> 4Pakistan6 | M40: =IFERROR(IF(AND(T_BATTINGDATA[[#This Row],[Team]]=I_TEAM,IFERROR(IF(MATCH(T_BATTINGDATA[[#This Row],[BATSMAN NAME]],$O$5:O39,0)>0,0),1)),1,0),"") | N40: =IF(T_BATTINGDATA[[#This Row],[Team]]=I_TEAM,T_BATTINGDATA[[#This Row],[R]],0) -> #REF! | O40: =LEFT(T_BATTINGDATA[[#This Row],[Batsman]],IFERROR(FIND("*",T_BATTINGDATA[[#This Row],[Batsman]])-1,IFERROR(FIND("†",T_BATTINGDATA[[#This Row],[Batsman]])-1,LEN(T_BATTINGDATA[[#This Row],[Batsman]])))) -> Umar Akmal | P40: =IFERROR(IF(MATCH(T_BATTINGDATA[[#This Row],[BATSMAN NAME]],OFFSET(O41,0,0,BATROWS-ROW(O40)-ROW(T_BATTINGDATA[[#Headers],[BATSMAN NAME]])),0)>0,0,SUMIF($O$6:O40,T_BATTINGDATA[[#This Row],[BATSMAN NAME]],$E$6:E40)),SUMIF($O$6:O40,T_BATTINGDATA[[#This Row],[BATSMAN NAME]],$E$6:E40)) -> 0 | R40: 14 | S40: England | T40: 4 | U40: 15 | V40: 1 | W40: 1 | X40: 21 | Y40: =CONCATENATE(T_EXTRAS[[#This Row],[Match Number]],T_EXTRAS[[#This Row],[Team Batting]]) -> 14England | AA40: 18 | AB40: Sri Lanka | AC40: 1 | AD40: 332 | AE40: 6.64 | AF40: 50 | AG40: =T_MTOTAL[[#This Row],[Match Number]]&T_MTOTAL[[#This Row],[Team]] -> 18Sri Lanka | AH40: 1 | AI40: =T_MTOTAL[[#This Row],[Match Number]]&" "&T_MTOTAL[[#This Row],[ORDER]] -> 18 1 | AJ40: =IF(INDEX(T_MATCHSUM[TEAM ONE],MATCH(T_MTOTAL[[#This Row],[Match Number]],T_MATCHSUM[Match Number],0))=T_MTOTAL[[#This Row],[Team]],INDEX(T_MATCHSUM[TEAM TWO],MATCH(T_MTOTAL[[#This Row],[Match Number]],T_MATCHSUM[Match Number],0)),INDEX(T_MATCHSUM[TEAM ONE],MATCH(T_MTOTAL[[#This Row],[Match Number]],T_MATCHSUM[Match Number],0))) -> BANGLADESH | AK40: =IF(OR(T_MTOTAL[[#This Row],[ORDER LINK]]="32 2",T_MTOTAL[[#This Row],[ORDER LINK]]="36 2"),50,IFERROR(IF(MATCH(T_MTOTAL[[#This Row],[ORDER LINK]],T_DL[link],0)>0, INDEX(T_DL[D/L Overs],MATCH(T_MTOTAL[[#This Row],[ORDER LINK]],T_DL[link],0)),IF(T_MTOTAL[[#This Row],[Wickets]]=10, 50,T_MTOTAL[[#This Row],[Overs]])),IF(T_MTOTAL[[#This Row],[Wickets]]=10, 50,T_MTOTAL[[#This Row],[Overs]]))) -> 50 | AL40: =(LEFT(T_MTOTAL[[#This Row],[Counting Overs]],IFERROR(FIND(".",T_MTOTAL[[#This Row],[Counting Overs]])-1,LEN(T_MTOTAL[[#This Row],[Counting Overs]])))*6) + IFERROR(IF(FIND(".",T_MTOTAL[[#This Row],[Counting Overs]])+1>0,RIGHT(T_MTOTAL[[#This Row],[Counting Overs]],1),0),0) -> 300 | AM40: =(LEFT(T_MTOTAL[[#This Row],[Overs]],IFERROR(FIND(".",T_MTOTAL[[#This Row],[Overs]])-1,LEN(T_MTOTAL[[#This Row],[Overs]])))*6) + IFERROR(IF(FIND(".",T_MTOTAL[[#This Row],[Overs]])+1>0,RIGHT(T_MTOTAL[[#This Row],[Overs]],1),0),0) -> 300 | AN40: =IFERROR(IF(MATCH(T_MTOTAL[[#This Row],[ORDER LINK]],T_DL[link],0)>0,INDEX(T_DL[d/l score],MATCH(T_MTOTAL[[#This Row],[ORDER LINK]],T_DL[link],0)),""),T_MTOTAL[[#This Row],[Total]]) -> 332 | AP40: 39 | AQ40: Zimbabwe | AR40: Sikandar Raza | AS40: 8 | AT40: 0 | AU40: 37 | AV40: 1 | AW40: 4.62 | AX40: 20 | AY40: 2 | AZ40: 0 | BA40: 1 | BC40: 6 | BD40: =CONCATENATE(Table9[[#This Row],[Match Number]],Table9[[#This Row],[Team]],Table9[[#This Row],[BOWL NUM]]) -> 39Zimbabwe6 | BE40: =IFERROR(IF(AND(Table9[[#This Row],[Team]]=I_TEAM,IFERROR(IF(MATCH(Table9[[#This Row],[Bowler]],$AR$5:AR39,0)>0,0),1)),1,0),"") | BF40: =(LEFT(Table9[[#This Row],[Overs]],IFERROR(FIND(".",Table9[[#This Row],[Overs]])-1,LEN(Table9[[#This Row],[Overs]])))*6) + IFERROR(IF(FIND(".",Table9[[#This Row],[Overs]])+1>0,RIGHT(Table9[[#This Row],[Overs]],1),0),0) -> 48 | BG40: =IF(INDEX(T_MATCHSUM[TEAM ONE],MATCH(Table9[[#This Row],[Match Number]],T_MATCHSUM[Match Number],0))=Table9[[#This Row],[Team]],INDEX(T_MATCHSUM[TEAM TWO],MATCH(Table9[[#This Row],[Match Number]],T_MATCHSUM[Match Number],0)),INDEX(T_MATCHSUM[TEAM ONE],MATCH(Table9[[#This Row],[Match Number]],T_MATCHSUM[Match Number],0))) -> INDIA | BH40: =IF(Table9[[#This Row],[Team]]=I_TEAM,Table9[[#This Row],[Wickets]]*100-Table9[[#This Row],[Runs]],0) -> #REF! | BI40: =Table9[[#This Row],[Wickets]]*100-Table9[[#This Row],[Runs]] -> 63 | BJ40: =IFERROR(IF(MATCH(Table9[[#This Row],[Bowler]],OFFSET(AR41,0,0,BOWLROWS-ROW(AR40)-ROW(Table9[[#Headers],[BOWLER CUML WICKETS]])),0)>0,0,SUMIF($AR$6:AR40,Table9[[#This Row],[Bowler]],$AV$6:AV40)),SUMIF($AR$6:AR40,Table9[[#This Row],[Bowler]],$AV$6:AV40)) -> 0 | BK40: =IFERROR(IF(MATCH(Table9[[#This Row],[Bowler]],OFFSET(AR41,0,0,BOWLROWS-ROW(AR40)-ROW(Table9[[#Headers],[BOWLER CUML WICKETS]])),0)>0,0,SUMIF($AR$6:AR40,Table9[[#This Row],[Bowler]],$AU$6:AU40)),SUMIF($AR$6:AR40,Table9[[#This Row],[Bowler]],$AU$6:AU40)) -> 0 | BL40: =Table9[[#This Row],[BOWLER CUML WICKETS]]*100-Table9[[#This Row],[BOWLER CUML RUNS]] -> 0
A41: 4 | B41: Pakistan | C41: Shahid Afridi | D41: c Kohli b Mohammed Shami | E41: 22 | F41: 39 | G41: 22 | H41: 1 | I41: 1 | J41: 100 | K41: 7 | L41: =CONCATENATE(T_BATTINGDATA[[#This Row],[Match]],T_BATTINGDATA[[#This Row],[Team]],T_BATTINGDATA[[#This Row],[Bat Number]]) -> 4Pakistan7 | M41: =IFERROR(IF(AND(T_BATTINGDATA[[#This Row],[Team]]=I_TEAM,IFERROR(IF(MATCH(T_BATTINGDATA[[#This Row],[BATSMAN NAME]],$O$5:O40,0)>0,0),1)),1,0),"") | N41: =IF(T_BATTINGDATA[[#This Row],[Team]]=I_TEAM,T_BATTINGDATA[[#This Row],[R]],0) -> #REF! | O41: =LEFT(T_BATTINGDATA[[#This Row],[Batsman]],IFERROR(FIND("*",T_BATTINGDATA[[#This Row],[Batsman]])-1,IFERROR(FIND("†",T_BATTINGDATA[[#This Row],[Batsman]])-1,LEN(T_BATTINGDATA[[#This Row],[Batsman]])))) -> Shahid Afridi | P41: =IFERROR(IF(MATCH(T_BATTINGDATA[[#This Row],[BATSMAN NAME]],OFFSET(O42,0,0,BATROWS-ROW(O41)-ROW(T_BATTINGDATA[[#Headers],[BATSMAN NAME]])),0)>0,0,SUMIF($O$6:O41,T_BATTINGDATA[[#This Row],[BATSMAN NAME]],$E$6:E41)),SUMIF($O$6:O41,T_BATTINGDATA[[#This Row],[BATSMAN NAME]],$E$6:E41)) -> 0 | R41: 14 | S41: Scotland | T41: 5 | U41: 2 | V41: 0 | W41: 0 | X41: 7 | Y41: =CONCATENATE(T_EXTRAS[[#This Row],[Match Number]],T_EXTRAS[[#This Row],[Team Batting]]) -> 14Scotland | AA41: 18 | AB41: Bangladesh | AC41: 10 | AD41: 240 | AE41: 5.1 | AF41: 47 | AG41: =T_MTOTAL[[#This Row],[Match Number]]&T_MTOTAL[[#This Row],[Team]] -> 18Bangladesh | AH41: 2 | AI41: =T_MTOTAL[[#This Row],[Match Number]]&" "&T_MTOTAL[[#This Row],[ORDER]] -> 18 2 | AJ41: =IF(INDEX(T_MATCHSUM[TEAM ONE],MATCH(T_MTOTAL[[#This Row],[Match Number]],T_MATCHSUM[Match Number],0))=T_MTOTAL[[#This Row],[Team]],INDEX(T_MATCHSUM[TEAM TWO],MATCH(T_MTOTAL[[#This Row],[Match Number]],T_MATCHSUM[Match Number],0)),INDEX(T_MATCHSUM[TEAM ONE],MATCH(T_MTOTAL[[#This Row],[Match Number]],T_MATCHSUM[Match Number],0))) -> SRI LANKA | AK41: =IF(OR(T_MTOTAL[[#This Row],[ORDER LINK]]="32 2",T_MTOTAL[[#This Row],[ORDER LINK]]="36 2"),50,IFERROR(IF(MATCH(T_MTOTAL[[#This Row],[ORDER LINK]],T_DL[link],0)>0, INDEX(T_DL[D/L Overs],MATCH(T_MTOTAL[[#This Row],[ORDER LINK]],T_DL[link],0)),IF(T_MTOTAL[[#This Row],[Wickets]]=10, 50,T_MTOTAL[[#This Row],[Overs]])),IF(T_MTOTAL[[#This Row],[Wickets]]=10, 50,T_MTOTAL[[#This Row],[Overs]]))) -> 50 | AL41: =(LEFT(T_MTOTAL[[#This Row],[Counting Overs]],IFERROR(FIND(".",T_MTOTAL[[#This Row],[Counting Overs]])-1,LEN(T_MTOTAL[[#This Row],[Counting Overs]])))*6) + IFERROR(IF(FIND(".",T_MTOTAL[[#This Row],[Counting Overs]])+1>0,RIGHT(T_MTOTAL[[#This Row],[Counting Overs]],1),0),0) -> 300 | AM41: =(LEFT(T_MTOTAL[[#This Row],[Overs]],IFERROR(FIND(".",T_MTOTAL[[#This Row],[Overs]])-1,LEN(T_MTOTAL[[#This Row],[Overs]])))*6) + IFERROR(IF(FIND(".",T_MTOTAL[[#This Row],[Overs]])+1>0,RIGHT(T_MTOTAL[[#This Row],[Overs]],1),0),0) -> 282 | AN41: =IFERROR(IF(MATCH(T_MTOTAL[[#This Row],[ORDER LINK]],T_DL[link],0)>0,INDEX(T_DL[d/l score],MATCH(T_MTOTAL[[#This Row],[ORDER LINK]],T_DL[link],0)),""),T_MTOTAL[[#This Row],[Total]]) -> 240 | AP41: 39 | AQ41: Zimbabwe | AR41: H Masakadza | AS41: 2 | AT41: 0 | AU41: 15 | AV41: 0 | AW41: 7.5 | AX41: 6 | AY41: 1 | AZ41: 1 | BA41: 1 | BC41: 7 | BD41: =CONCATENATE(Table9[[#This Row],[Match Number]],Table9[[#This Row],[Team]],Table9[[#This Row],[BOWL NUM]]) -> 39Zimbabwe7 | BE41: =IFERROR(IF(AND(Table9[[#This Row],[Team]]=I_TEAM,IFERROR(IF(MATCH(Table9[[#This Row],[Bowler]],$AR$5:AR40,0)>0,0),1)),1,0),"") | BF41: =(LEFT(Table9[[#This Row],[Overs]],IFERROR(FIND(".",Table9[[#This Row],[Overs]])-1,LEN(Table9[[#This Row],[Overs]])))*6) + IFERROR(IF(FIND(".",Table9[[#This Row],[Overs]])+1>0,RIGHT(Table9[[#This Row],[Overs]],1),0),0) -> 12 | BG41: =IF(INDEX(T_MATCHSUM[TEAM ONE],MATCH(Table9[[#This Row],[Match Number]],T_MATCHSUM[Match Number],0))=Table9[[#This Row],[Team]],INDEX(T_MATCHSUM[TEAM TWO],MATCH(Table9[[#This Row],[Match Number]],T_MATCHSUM[Match Number],0)),INDEX(T_MATCHSUM[TEAM ONE],MATCH(Table9[[#This Row],[Match Number]],T_MATCHSUM[Match Number],0))) -> INDIA | BH41: =IF(Table9[[#This Row],[Team]]=I_TEAM,Table9[[#This Row],[Wickets]]*100-Table9[[#This Row],[Runs]],0) -> #REF! | BI41: =Table9[[#This Row],[Wickets]]*100-Table9[[#This Row],[Runs]] -> -15 | BJ41: =IFERROR(IF(MATCH(Table9[[#This Row],[Bowler]],OFFSET(AR42,0,0,BOWLROWS-ROW(AR41)-ROW(Table9[[#Headers],[BOWLER CUML WICKETS]])),0)>0,0,SUMIF($AR$6:AR41,Table9[[#This Row],[Bowler]],$AV$6:AV41)),SUMIF($AR$6:AR41,Table9[[#This Row],[Bowler]],$AV$6:AV41)) -> 0 | BK41: =IFERROR(IF(MATCH(Table9[[#This Row],[Bowler]],OFFSET(AR42,0,0,BOWLROWS-ROW(AR41)-ROW(Table9[[#Headers],[BOWLER CUML WICKETS]])),0)>0,0,SUMIF($AR$6:AR41,Table9[[#This Row],[Bowler]],$AU$6:AU41)),SUMIF($AR$6:AR41,Table9[[#This Row],[Bowler]],$AU$6:AU41)) -> 0 | BL41: =Table9[[#This Row],[BOWLER CUML WICKETS]]*100-Table9[[#This Row],[BOWLER CUML RUNS]] -> 0
A42: 4 | B42: Pakistan | C42: Wahab Riaz | D42: c †Dhoni b Mohammed Shami | E42: 4 | F42: 2 | G42: 2 | H42: 1 | I42: 0 | J42: 200 | K42: 8 | L42: =CONCATENATE(T_BATTINGDATA[[#This Row],[Match]],T_BATTINGDATA[[#This Row],[Team]],T_BATTINGDATA[[#This Row],[Bat Number]]) -> 4Pakistan8 | M42: =IFERROR(IF(AND(T_BATTINGDATA[[#This Row],[Team]]=I_TEAM,IFERROR(IF(MATCH(T_BATTINGDATA[[#This Row],[BATSMAN NAME]],$O$5:O41,0)>0,0),1)),1,0),"") | N42: =IF(T_BATTINGDATA[[#This Row],[Team]]=I_TEAM,T_BATTINGDATA[[#This Row],[R]],0) -> #REF! | O42: =LEFT(T_BATTINGDATA[[#This Row],[Batsman]],IFERROR(FIND("*",T_BATTINGDATA[[#This Row],[Batsman]])-1,IFERROR(FIND("†",T_BATTINGDATA[[#This Row],[Batsman]])-1,LEN(T_BATTINGDATA[[#This Row],[Batsman]])))) -> Wahab Riaz | P42: =IFERROR(IF(MATCH(T_BATTINGDATA[[#This Row],[BATSMAN NAME]],OFFSET(O43,0,0,BATROWS-ROW(O42)-ROW(T_BATTINGDATA[[#Headers],[BATSMAN NAME]])),0)>0,0,SUMIF($O$6:O42,T_BATTINGDATA[[#This Row],[BATSMAN NAME]],$E$6:E42)),SUMIF($O$6:O42,T_BATTINGDATA[[#This Row],[BATSMAN NAME]],$E$6:E42)) -> 0 | R42: 15 | S42: West Indies | T42: 2 | U42: 16 | V42: 5 | W42: 1 | X42: 24 | Y42: =CONCATENATE(T_EXTRAS[[#This Row],[Match Number]],T_EXTRAS[[#This Row],[Team Batting]]) -> 15West Indies | AA42: 19 | AB42: South Africa | AC42: 5 | AD42: 408 | AE42: 8.16 | AF42: 50 | AG42: =T_MTOTAL[[#This Row],[Match Number]]&T_MTOTAL[[#This Row],[Team]] -> 19South Africa | AH42: 1 | AI42: =T_MTOTAL[[#This Row],[Match Number]]&" "&T_MTOTAL[[#This Row],[ORDER]] -> 19 1 | AJ42: =IF(INDEX(T_MATCHSUM[TEAM ONE],MATCH(T_MTOTAL[[#This Row],[Match Number]],T_MATCHSUM[Match Number],0))=T_MTOTAL[[#This Row],[Team]],INDEX(T_MATCHSUM[TEAM TWO],MATCH(T_MTOTAL[[#This Row],[Match Number]],T_MATCHSUM[Match Number],0)),INDEX(T_MATCHSUM[TEAM ONE],MATCH(T_MTOTAL[[#This Row],[Match Number]],T_MATCHSUM[Match Number],0))) -> WEST INDIES | AK42: =IF(OR(T_MTOTAL[[#This Row],[ORDER LINK]]="32 2",T_MTOTAL[[#This Row],[ORDER LINK]]="36 2"),50,IFERROR(IF(MATCH(T_MTOTAL[[#This Row],[ORDER LINK]],T_DL[link],0)>0, INDEX(T_DL[D/L Overs],MATCH(T_MTOTAL[[#This Row],[ORDER LINK]],T_DL[link],0)),IF(T_MTOTAL[[#This Row],[Wickets]]=10, 50,T_MTOTAL[[#This Row],[Overs]])),IF(T_MTOTAL[[#This Row],[Wickets]]=10, 50,T_MTOTAL[[#This Row],[Overs]]))) -> 50 | AL42: =(LEFT(T_MTOTAL[[#This Row],[Counting Overs]],IFERROR(FIND(".",T_MTOTAL[[#This Row],[Counting Overs]])-1,LEN(T_MTOTAL[[#This Row],[Counting Overs]])))*6) + IFERROR(IF(FIND(".",T_MTOTAL[[#This Row],[Counting Overs]])+1>0,RIGHT(T_MTOTAL[[#This Row],[Counting Overs]],1),0),0) -> 300 | AM42: =(LEFT(T_MTOTAL[[#This Row],[Overs]],IFERROR(FIND(".",T_MTOTAL[[#This Row],[Overs]])-1,LEN(T_MTOTAL[[#This Row],[Overs]])))*6) + IFERROR(IF(FIND(".",T_MTOTAL[[#This Row],[Overs]])+1>0,RIGHT(T_MTOTAL[[#This Row],[Overs]],1),0),0) -> 300 | AN42: =IFERROR(IF(MATCH(T_MTOTAL[[#This Row],[ORDER LINK]],T_DL[link],0)>0,INDEX(T_DL[d/l score],MATCH(T_MTOTAL[[#This Row],[ORDER LINK]],T_DL[link],0)),""),T_MTOTAL[[#This Row],[Total]]) -> 408 | AP42: 21 | AQ42: India | AR42: B Kumar | AS42: 5 | AT42: 0 | AU42: 19 | AV42: 1 | AW42: 3.8 | AX42: 21 | AY42: 2 | AZ42: 0 | BA42: 2 | BC42: 1 | BD42: =CONCATENATE(Table9[[#This Row],[Match Number]],Table9[[#This Row],[Team]],Table9[[#This Row],[BOWL NUM]]) -> 21India1 | BE42: =IFERROR(IF(AND(Table9[[#This Row],[Team]]=I_TEAM,IFERROR(IF(MATCH(Table9[[#This Row],[Bowler]],$AR$5:AR41,0)>0,0),1)),1,0),"") | BF42: =(LEFT(Table9[[#This Row],[Overs]],IFERROR(FIND(".",Table9[[#This Row],[Overs]])-1,LEN(Table9[[#This Row],[Overs]])))*6) + IFERROR(IF(FIND(".",Table9[[#This Row],[Overs]])+1>0,RIGHT(Table9[[#This Row],[Overs]],1),0),0) -> 30 | BG42: =IF(INDEX(T_MATCHSUM[TEAM ONE],MATCH(Table9[[#This Row],[Match Number]],T_MATCHSUM[Match Number],0))=Table9[[#This Row],[Team]],INDEX(T_MATCHSUM[TEAM TWO],MATCH(Table9[[#This Row],[Match Number]],T_MATCHSUM[Match Number],0)),INDEX(T_MATCHSUM[TEAM ONE],MATCH(Table9[[#This Row],[Match Number]],T_MATCHSUM[Match Number],0))) -> UAE | BH42: =IF(Table9[[#This Row],[Team]]=I_TEAM,Table9[[#This Row],[Wickets]]*100-Table9[[#This Row],[Runs]],0) -> #REF! | BI42: =Table9[[#This Row],[Wickets]]*100-Table9[[#This Row],[Runs]] -> 81 | BJ42: =IFERROR(IF(MATCH(Table9[[#This Row],[Bowler]],OFFSET(AR43,0,0,BOWLROWS-ROW(AR42)-ROW(Table9[[#Headers],[BOWLER CUML WICKETS]])),0)>0,0,SUMIF($AR$6:AR42,Table9[[#This Row],[Bowler]],$AV$6:AV42)),SUMIF($AR$6:AR42,Table9[[#This Row],[Bowler]],$AV$6:AV42)) -> 1 | BK42: =IFERROR(IF(MATCH(Table9[[#This Row],[Bowler]],OFFSET(AR43,0,0,BOWLROWS-ROW(AR42)-ROW(Table9[[#Headers],[BOWLER CUML WICKETS]])),0)>0,0,SUMIF($AR$6:AR42,Table9[[#This Row],[Bowler]],$AU$6:AU42)),SUMIF($AR$6:AR42,Table9[[#This Row],[Bowler]],$AU$6:AU42)) -> 19 | BL42: =Table9[[#This Row],[BOWLER CUML WICKETS]]*100-Table9[[#This Row],[BOWLER CUML RUNS]] -> 81
A43: 4 | B43: Pakistan | C43: Yasir Shah | D43: c Yadav b MM Sharma | E43: 13 | F43: 32 | G43: 23 | H43: 1 | I43: 0 | J43: 56.52 | K43: 9 | L43: =CONCATENATE(T_BATTINGDATA[[#This Row],[Match]],T_BATTINGDATA[[#This Row],[Team]],T_BATTINGDATA[[#This Row],[Bat Number]]) -> 4Pakistan9 | M43: =IFERROR(IF(AND(T_BATTINGDATA[[#This Row],[Team]]=I_TEAM,IFERROR(IF(MATCH(T_BATTINGDATA[[#This Row],[BATSMAN NAME]],$O$5:O42,0)>0,0),1)),1,0),"") | N43: =IF(T_BATTINGDATA[[#This Row],[Team]]=I_TEAM,T_BATTINGDATA[[#This Row],[R]],0) -> #REF! | O43: =LEFT(T_BATTINGDATA[[#This Row],[Batsman]],IFERROR(FIND("*",T_BATTINGDATA[[#This Row],[Batsman]])-1,IFERROR(FIND("†",T_BATTINGDATA[[#This Row],[Batsman]])-1,LEN(T_BATTINGDATA[[#This Row],[Batsman]])))) -> Yasir Shah | P43: =IFERROR(IF(MATCH(T_BATTINGDATA[[#This Row],[BATSMAN NAME]],OFFSET(O44,0,0,BATROWS-ROW(O43)-ROW(T_BATTINGDATA[[#Headers],[BATSMAN NAME]])),0)>0,0,SUMIF($O$6:O43,T_BATTINGDATA[[#This Row],[BATSMAN NAME]],$E$6:E43)),SUMIF($O$6:O43,T_BATTINGDATA[[#This Row],[BATSMAN NAME]],$E$6:E43)) -> 13 | R43: 15 | S43: Zimbabwe | T43: 9 | U43: 14 | V43: 2 | W43: 0 | X43: 25 | Y43: =CONCATENATE(T_EXTRAS[[#This Row],[Match Number]],T_EXTRAS[[#This Row],[Team Batting]]) -> 15Zimbabwe | AA43: 19 | AB43: West Indies | AC43: 10 | AD43: 151 | AE43: 4.55 | AF43: 33.1 | AG43: =T_MTOTAL[[#This Row],[Match Number]]&T_MTOTAL[[#This Row],[Team]] -> 19West Indies | AH43: 2 | AI43: =T_MTOTAL[[#This Row],[Match Number]]&" "&T_MTOTAL[[#This Row],[ORDER]] -> 19 2 | AJ43: =IF(INDEX(T_MATCHSUM[TEAM ONE],MATCH(T_MTOTAL[[#This Row],[Match Number]],T_MATCHSUM[Match Number],0))=T_MTOTAL[[#This Row],[Team]],INDEX(T_MATCHSUM[TEAM TWO],MATCH(T_MTOTAL[[#This Row],[Match Number]],T_MATCHSUM[Match Number],0)),INDEX(T_MATCHSUM[TEAM ONE],MATCH(T_MTOTAL[[#This Row],[Match Number]],T_MATCHSUM[Match Number],0))) -> SOUTH AFRICA | AK43: =IF(OR(T_MTOTAL[[#This Row],[ORDER LINK]]="32 2",T_MTOTAL[[#This Row],[ORDER LINK]]="36 2"),50,IFERROR(IF(MATCH(T_MTOTAL[[#This Row],[ORDER LINK]],T_DL[link],0)>0, INDEX(T_DL[D/L Overs],MATCH(T_MTOTAL[[#This Row],[ORDER LINK]],T_DL[link],0)),IF(T_MTOTAL[[#This Row],[Wickets]]=10, 50,T_MTOTAL[[#This Row],[Overs]])),IF(T_MTOTAL[[#This Row],[Wickets]]=10, 50,T_MTOTAL[[#This Row],[Overs]]))) -> 50 | AL43: =(LEFT(T_MTOTAL[[#This Row],[Counting Overs]],IFERROR(FIND(".",T_MTOTAL[[#This Row],[Counting Overs]])-1,LEN(T_MTOTAL[[#This Row],[Counting Overs]])))*6) + IFERROR(IF(FIND(".",T_MTOTAL[[#This Row],[Counting Overs]])+1>0,RIGHT(T_MTOTAL[[#This Row],[Counting Overs]],1),0),0) -> 300 | AM43: =(LEFT(T_MTOTAL[[#This Row],[Overs]],IFERROR(FIND(".",T_MTOTAL[[#This Row],[Overs]])-1,LEN(T_MTOTAL[[#This Row],[Overs]])))*6) + IFERROR(IF(FIND(".",T_MTOTAL[[#This Row],[Overs]])+1>0,RIGHT(T_MTOTAL[[#This Row],[Overs]],1),0),0) -> 199 | AN43: =IFERROR(IF(MATCH(T_MTOTAL[[#This Row],[ORDER LINK]],T_DL[link],0)>0,INDEX(T_DL[d/l score],MATCH(T_MTOTAL[[#This Row],[ORDER LINK]],T_DL[link],0)),""),T_MTOTAL[[#This Row],[Total]]) -> 151 | AP43: 21 | AQ43: India | AR43: UT Yadav | AS43: 6.3 | AT43: 2 | AU43: 15 | AV43: 2 | AW43: 2.3 | AX43: 33 | AY43: 2 | AZ43: 0 | BA43: 3 | BC43: 2 | BD43: =CONCATENATE(Table9[[#This Row],[Match Number]],Table9[[#This Row],[Team]],Table9[[#This Row],[BOWL NUM]]) -> 21India2 | BE43: =IFERROR(IF(AND(Table9[[#This Row],[Team]]=I_TEAM,IFERROR(IF(MATCH(Table9[[#This Row],[Bowler]],$AR$5:AR42,0)>0,0),1)),1,0),"") | BF43: =(LEFT(Table9[[#This Row],[Overs]],IFERROR(FIND(".",Table9[[#This Row],[Overs]])-1,LEN(Table9[[#This Row],[Overs]])))*6) + IFERROR(IF(FIND(".",Table9[[#This Row],[Overs]])+1>0,RIGHT(Table9[[#This Row],[Overs]],1),0),0) -> 39 | BG43: =IF(INDEX(T_MATCHSUM[TEAM ONE],MATCH(Table9[[#This Row],[Match Number]],T_MATCHSUM[Match Number],0))=Table9[[#This Row],[Team]],INDEX(T_MATCHSUM[TEAM TWO],MATCH(Table9[[#This Row],[Match Number]],T_MATCHSUM[Match Number],0)),INDEX(T_MATCHSUM[TEAM ONE],MATCH(Table9[[#This Row],[Match Number]],T_MATCHSUM[Match Number],0))) -> UAE | BH43: =IF(Table9[[#This Row],[Team]]=I_TEAM,Table9[[#This Row],[Wickets]]*100-Table9[[#This Row],[Runs]],0) -> #REF! | BI43: =Table9[[#This Row],[Wickets]]*100-Table9[[#This Row],[Runs]] -> 185 | BJ43: =IFERROR(IF(MATCH(Table9[[#This Row],[Bowler]],OFFSET(AR44,0,0,BOWLROWS-ROW(AR43)-ROW(Table9[[#Headers],[BOWLER CUML WICKETS]])),0)>0,0,SUMIF($AR$6:AR43,Table9[[#This Row],[Bowler]],$AV$6:AV43)),SUMIF($AR$6:AR43,Table9[[#This Row],[Bowler]],$AV$6:AV43)) -> 0 | BK43: =IFERROR(IF(MATCH(Table9[[#This Row],[Bowler]],OFFSET(AR44,0,0,BOWLROWS-ROW(AR43)-ROW(Table9[[#Headers],[BOWLER CUML WICKETS]])),0)>0,0,SUMIF($AR$6:AR43,Table9[[#This Row],[Bowler]],$AU$6:AU43)),SUMIF($AR$6:AR43,Table9[[#This Row],[Bowler]],$AU$6:AU43)) -> 0 | BL43: =Table9[[#This Row],[BOWLER CUML WICKETS]]*100-Table9[[#This Row],[BOWLER CUML RUNS]] -> 0
A44: 4 | B44: Pakistan | C44: Sohail Khan | D44: c Yadav b MM Sharma | E44: 7 | F44: 21 | G44: 10 | H44: 1 | I44: 0 | J44: 70 | K44: 10 | L44: =CONCATENATE(T_BATTINGDATA[[#This Row],[Match]],T_BATTINGDATA[[#This Row],[Team]],T_BATTINGDATA[[#This Row],[Bat Number]]) -> 4Pakistan10 | M44: =IFERROR(IF(AND(T_BATTINGDATA[[#This Row],[Team]]=I_TEAM,IFERROR(IF(MATCH(T_BATTINGDATA[[#This Row],[BATSMAN NAME]],$O$5:O43,0)>0,0),1)),1,0),"") | N44: =IF(T_BATTINGDATA[[#This Row],[Team]]=I_TEAM,T_BATTINGDATA[[#This Row],[R]],0) -> #REF! | O44: =LEFT(T_BATTINGDATA[[#This Row],[Batsman]],IFERROR(FIND("*",T_BATTINGDATA[[#This Row],[Batsman]])-1,IFERROR(FIND("†",T_BATTINGDATA[[#This Row],[Batsman]])-1,LEN(T_BATTINGDATA[[#This Row],[Batsman]])))) -> Sohail Khan | P44: =IFERROR(IF(MATCH(T_BATTINGDATA[[#This Row],[BATSMAN NAME]],OFFSET(O45,0,0,BATROWS-ROW(O44)-ROW(T_BATTINGDATA[[#Headers],[BATSMAN NAME]])),0)>0,0,SUMIF($O$6:O44,T_BATTINGDATA[[#This Row],[BATSMAN NAME]],$E$6:E44)),SUMIF($O$6:O44,T_BATTINGDATA[[#This Row],[BATSMAN NAME]],$E$6:E44)) -> 0 | R44: 43 | S44: Sri Lanka | T44: 2 | U44: 7 | V44: 2 | W44: 4 | X44: 15 | Y44: =CONCATENATE(T_EXTRAS[[#This Row],[Match Number]],T_EXTRAS[[#This Row],[Team Batting]]) -> 43Sri Lanka | AA44: 20 | AB44: Australia | AC44: 10 | AD44: 151 | AE44: 4.67 | AF44: 32.2 | AG44: =T_MTOTAL[[#This Row],[Match Number]]&T_MTOTAL[[#This Row],[Team]] -> 20Australia | AH44: 1 | AI44: =T_MTOTAL[[#This Row],[Match Number]]&" "&T_MTOTAL[[#This Row],[ORDER]] -> 20 1 | AJ44: =IF(INDEX(T_MATCHSUM[TEAM ONE],MATCH(T_MTOTAL[[#This Row],[Match Number]],T_MATCHSUM[Match Number],0))=T_MTOTAL[[#This Row],[Team]],INDEX(T_MATCHSUM[TEAM TWO],MATCH(T_MTOTAL[[#This Row],[Match Number]],T_MATCHSUM[Match Number],0)),INDEX(T_MATCHSUM[TEAM ONE],MATCH(T_MTOTAL[[#This Row],[Match Number]],T_MATCHSUM[Match Number],0))) -> NEW ZEALAND | AK44: =IF(OR(T_MTOTAL[[#This Row],[ORDER LINK]]="32 2",T_MTOTAL[[#This Row],[ORDER LINK]]="36 2"),50,IFERROR(IF(MATCH(T_MTOTAL[[#This Row],[ORDER LINK]],T_DL[link],0)>0, INDEX(T_DL[D/L Overs],MATCH(T_MTOTAL[[#This Row],[ORDER LINK]],T_DL[link],0)),IF(T_MTOTAL[[#This Row],[Wickets]]=10, 50,T_MTOTAL[[#This Row],[Overs]])),IF(T_MTOTAL[[#This Row],[Wickets]]=10, 50,T_MTOTAL[[#This Row],[Overs]]))) -> 50 | AL44: =(LEFT(T_MTOTAL[[#This Row],[Counting Overs]],IFERROR(FIND(".",T_MTOTAL[[#This Row],[Counting Overs]])-1,LEN(T_MTOTAL[[#This Row],[Counting Overs]])))*6) + IFERROR(IF(FIND(".",T_MTOTAL[[#This Row],[Counting Overs]])+1>0,RIGHT(T_MTOTAL[[#This Row],[Counting Overs]],1),0),0) -> 300 | AM44: =(LEFT(T_MTOTAL[[#This Row],[Overs]],IFERROR(FIND(".",T_MTOTAL[[#This Row],[Overs]])-1,LEN(T_MTOTAL[[#This Row],[Overs]])))*6) + IFERROR(IF(FIND(".",T_MTOTAL[[#This Row],[Overs]])+1>0,RIGHT(T_MTOTAL[[#This Row],[Overs]],1),0),0) -> 194 | AN44: =IFERROR(IF(MATCH(T_MTOTAL[[#This Row],[ORDER LINK]],T_DL[link],0)>0,INDEX(T_DL[d/l score],MATCH(T_MTOTAL[[#This Row],[ORDER LINK]],T_DL[link],0)),""),T_MTOTAL[[#This Row],[Total]]) -> 151 | AP44: 21 | AQ44: India | AR44: R Ashwin | AS44: 10 | AT44: 1 | AU44: 25 | AV44: 4 | AW44: 2.5 | AX44: 44 | AY44: 1 | AZ44: 0 | BA44: 1 | BC44: 3 | BD44: =CONCATENATE(Table9[[#This Row],[Match Number]],Table9[[#This Row],[Team]],Table9[[#This Row],[BOWL NUM]]) -> 21India3 | BE44: =IFERROR(IF(AND(Table9[[#This Row],[Team]]=I_TEAM,IFERROR(IF(MATCH(Table9[[#This Row],[Bowler]],$AR$5:AR43,0)>0,0),1)),1,0),"") | BF44: =(LEFT(Table9[[#This Row],[Overs]],IFERROR(FIND(".",Table9[[#This Row],[Overs]])-1,LEN(Table9[[#This Row],[Overs]])))*6) + IFERROR(IF(FIND(".",Table9[[#This Row],[Overs]])+1>0,RIGHT(Table9[[#This Row],[Overs]],1),0),0) -> 60 | BG44: =IF(INDEX(T_MATCHSUM[TEAM ONE],MATCH(Table9[[#This Row],[Match Number]],T_MATCHSUM[Match Number],0))=Table9[[#This Row],[Team]],INDEX(T_MATCHSUM[TEAM TWO],MATCH(Table9[[#This Row],[Match Number]],T_MATCHSUM[Match Number],0)),INDEX(T_MATCHSUM[TEAM ONE],MATCH(Table9[[#This Row],[Match Number]],T_MATCHSUM[Match Number],0))) -> UAE | BH44: =IF(Table9[[#This Row],[Team]]=I_TEAM,Table9[[#This Row],[Wickets]]*100-Table9[[#This Row],[Runs]],0) -> #REF! | BI44: =Table9[[#This Row],[Wickets]]*100-Table9[[#This Row],[Runs]] -> 375 | BJ44: =IFERROR(IF(MATCH(Table9[[#This Row],[Bowler]],OFFSET(AR45,0,0,BOWLROWS-ROW(AR44)-ROW(Table9[[#Headers],[BOWLER CUML WICKETS]])),0)>0,0,SUMIF($AR$6:AR44,Table9[[#This Row],[Bowler]],$AV$6:AV44)),SUMIF($AR$6:AR44,Table9[[#This Row],[Bowler]],$AV$6:AV44)) -> 0 | BK44: =IFERROR(IF(MATCH(Table9[[#This Row],[Bowler]],OFFSET(AR45,0,0,BOWLROWS-ROW(AR44)-ROW(Table9[[#Headers],[BOWLER CUML WICKETS]])),0)>0,0,SUMIF($AR$6:AR44,Table9[[#This Row],[Bowler]],$AU$6:AU44)),SUMIF($AR$6:AR44,Table9[[#This Row],[Bowler]],$AU$6:AU44)) -> 0 | BL44: =Table9[[#This Row],[BOWLER CUML WICKETS]]*100-Table9[[#This Row],[BOWLER CUML RUNS]] -> 0
A45: 4 | B45: Pakistan | C45: Mohammad Irfan | D45: not out | E45: 1 | F45: 6 | G45: 5 | H45: 0 | I45: 0 | J45: 20 | K45: 11 | L45: =CONCATENATE(T_BATTINGDATA[[#This Row],[Match]],T_BATTINGDATA[[#This Row],[Team]],T_BATTINGDATA[[#This Row],[Bat Number]]) -> 4Pakistan11 | M45: =IFERROR(IF(AND(T_BATTINGDATA[[#This Row],[Team]]=I_TEAM,IFERROR(IF(MATCH(T_BATTINGDATA[[#This Row],[BATSMAN NAME]],$O$5:O44,0)>0,0),1)),1,0),"") | N45: =IF(T_BATTINGDATA[[#This Row],[Team]]=I_TEAM,T_BATTINGDATA[[#This Row],[R]],0) -> #REF! | O45: =LEFT(T_BATTINGDATA[[#This Row],[Batsman]],IFERROR(FIND("*",T_BATTINGDATA[[#This Row],[Batsman]])-1,IFERROR(FIND("†",T_BATTINGDATA[[#This Row],[Batsman]])-1,LEN(T_BATTINGDATA[[#This Row],[Batsman]])))) -> Mohammad Irfan | P45: =IFERROR(IF(MATCH(T_BATTINGDATA[[#This Row],[BATSMAN NAME]],OFFSET(O46,0,0,BATROWS-ROW(O45)-ROW(T_BATTINGDATA[[#Headers],[BATSMAN NAME]])),0)>0,0,SUMIF($O$6:O45,T_BATTINGDATA[[#This Row],[BATSMAN NAME]],$E$6:E45)),SUMIF($O$6:O45,T_BATTINGDATA[[#This Row],[BATSMAN NAME]],$E$6:E45)) -> 0 | R45: 43 | S45: South Africa | T45: 4 | U45: 12 | V45: 3 | W45: 0 | X45: 19 | Y45: =CONCATENATE(T_EXTRAS[[#This Row],[Match Number]],T_EXTRAS[[#This Row],[Team Batting]]) -> 43South Africa | AA45: 20 | AB45: New Zealand | AC45: 9 | AD45: 152 | AE45: 6.56 | AF45: 23.1 | AG45: =T_MTOTAL[[#This Row],[Match Number]]&T_MTOTAL[[#This Row],[Team]] -> 20New Zealand | AH45: 2 | AI45: =T_MTOTAL[[#This Row],[Match Number]]&" "&T_MTOTAL[[#This Row],[ORDER]] -> 20 2 | AJ45: =IF(INDEX(T_MATCHSUM[TEAM ONE],MATCH(T_MTOTAL[[#This Row],[Match Number]],T_MATCHSUM[Match Number],0))=T_MTOTAL[[#This Row],[Team]],INDEX(T_MATCHSUM[TEAM TWO],MATCH(T_MTOTAL[[#This Row],[Match Number]],T_MATCHSUM[Match Number],0)),INDEX(T_MATCHSUM[TEAM ONE],MATCH(T_MTOTAL[[#This Row],[Match Number]],T_MATCHSUM[Match Number],0))) -> AUSTRALIA | AK45: =IF(OR(T_MTOTAL[[#This Row],[ORDER LINK]]="32 2",T_MTOTAL[[#This Row],[ORDER LINK]]="36 2"),50,IFERROR(IF(MATCH(T_MTOTAL[[#This Row],[ORDER LINK]],T_DL[link],0)>0, INDEX(T_DL[D/L Overs],MATCH(T_MTOTAL[[#This Row],[ORDER LINK]],T_DL[link],0)),IF(T_MTOTAL[[#This Row],[Wickets]]=10, 50,T_MTOTAL[[#This Row],[Overs]])),IF(T_MTOTAL[[#This Row],[Wickets]]=10, 50,T_MTOTAL[[#This Row],[Overs]]))) -> 23.1 | AL45: =(LEFT(T_MTOTAL[[#This Row],[Counting Overs]],IFERROR(FIND(".",T_MTOTAL[[#This Row],[Counting Overs]])-1,LEN(T_MTOTAL[[#This Row],[Counting Overs]])))*6) + IFERROR(IF(FIND(".",T_MTOTAL[[#This Row],[Counting Overs]])+1>0,RIGHT(T_MTOTAL[[#This Row],[Counting Overs]],1),0),0) -> 139 | AM45: =(LEFT(T_MTOTAL[[#This Row],[Overs]],IFERROR(FIND(".",T_MTOTAL[[#This Row],[Overs]])-1,LEN(T_MTOTAL[[#This Row],[Overs]])))*6) + IFERROR(IF(FIND(".",T_MTOTAL[[#This Row],[Overs]])+1>0,RIGHT(T_MTOTAL[[#This Row],[Overs]],1),0),0) -> 139 | AN45: =IFERROR(IF(MATCH(T_MTOTAL[[#This Row],[ORDER LINK]],T_DL[link],0)>0,INDEX(T_DL[d/l score],MATCH(T_MTOTAL[[#This Row],[ORDER LINK]],T_DL[link],0)),""),T_MTOTAL[[#This Row],[Total]]) -> 152 | AP45: 21 | AQ45: India | AR45: MM Sharma | AS45: 5 | AT45: 1 | AU45: 16 | AV45: 1 | AW45: 3.2 | AX45: 23 | AY45: 2 | AZ45: 0 | BA45: 2 | BC45: 4 | BD45: =CONCATENATE(Table9[[#This Row],[Match Number]],Table9[[#This Row],[Team]],Table9[[#This Row],[BOWL NUM]]) -> 21India4 | BE45: =IFERROR(IF(AND(Table9[[#This Row],[Team]]=I_TEAM,IFERROR(IF(MATCH(Table9[[#This Row],[Bowler]],$AR$5:AR44,0)>0,0),1)),1,0),"") | BF45: =(LEFT(Table9[[#This Row],[Overs]],IFERROR(FIND(".",Table9[[#This Row],[Overs]])-1,LEN(Table9[[#This Row],[Overs]])))*6) + IFERROR(IF(FIND(".",Table9[[#This Row],[Overs]])+1>0,RIGHT(Table9[[#This Row],[Overs]],1),0),0) -> 30 | BG45: =IF(INDEX(T_MATCHSUM[TEAM ONE],MATCH(Table9[[#This Row],[Match Number]],T_MATCHSUM[Match Number],0))=Table9[[#This Row],[Team]],INDEX(T_MATCHSUM[TEAM TWO],MATCH(Table9[[#This Row],[Match Number]],T_MATCHSUM[Match Number],0)),INDEX(T_MATCHSUM[TEAM ONE],MATCH(Table9[[#This Row],[Match Number]],T_MATCHSUM[Match Number],0))) -> UAE | BH45: =IF(Table9[[#This Row],[Team]]=I_TEAM,Table9[[#This Row],[Wickets]]*100-Table9[[#This Row],[Runs]],0) -> #REF! | BI45: =Table9[[#This Row],[Wickets]]*100-Table9[[#This Row],[Runs]] -> 84 | BJ45: =IFERROR(IF(MATCH(Table9[[#This Row],[Bowler]],OFFSET(AR46,0,0,BOWLROWS-ROW(AR45)-ROW(Table9[[#Headers],[BOWLER CUML WICKETS]])),0)>0,0,SUMIF($AR$6:AR45,Table9[[#This Row],[Bowler]],$AV$6:AV45)),SUMIF($AR$6:AR45,Table9[[#This Row],[Bowler]],$AV$6:AV45)) -> 0 | BK45: =IFERROR(IF(MATCH(Table9[[#This Row],[Bowler]],OFFSET(AR46,0,0,BOWLROWS-ROW(AR45)-ROW(Table9[[#Headers],[BOWLER CUML WICKETS]])),0)>0,0,SUMIF($AR$6:AR45,Table9[[#This Row],[Bowler]],$AU$6:AU45)),SUMIF($AR$6:AR45,Table9[[#This Row],[Bowler]],$AU$6:AU45)) -> 0 | BL45: =Table9[[#This Row],[BOWLER CUML WICKETS]]*100-Table9[[#This Row],[BOWLER CUML RUNS]] -> 0
A46: 39 | B46: Zimbabwe | C46: CJ Chibhabha | D46: c Dhawan b Mohammed Shami | E46: 7 | F46: 20 | G46: 16 | H46: 1 | I46: 0 | J46: 43.75 | K46: 1 | L46: =CONCATENATE(T_BATTINGDATA[[#This Row],[Match]],T_BATTINGDATA[[#This Row],[Team]],T_BATTINGDATA[[#This Row],[Bat Number]]) -> 39Zimbabwe1 | M46: =IFERROR(IF(AND(T_BATTINGDATA[[#This Row],[Team]]=I_TEAM,IFERROR(IF(MATCH(T_BATTINGDATA[[#This Row],[BATSMAN NAME]],$O$5:O45,0)>0,0),1)),1,0),"") | N46: =IF(T_BATTINGDATA[[#This Row],[Team]]=I_TEAM,T_BATTINGDATA[[#This Row],[R]],0) -> #REF! | O46: =LEFT(T_BATTINGDATA[[#This Row],[Batsman]],IFERROR(FIND("*",T_BATTINGDATA[[#This Row],[Batsman]])-1,IFERROR(FIND("†",T_BATTINGDATA[[#This Row],[Batsman]])-1,LEN(T_BATTINGDATA[[#This Row],[Batsman]])))) -> CJ Chibhabha | P46: =IFERROR(IF(MATCH(T_BATTINGDATA[[#This Row],[BATSMAN NAME]],OFFSET(O47,0,0,BATROWS-ROW(O46)-ROW(T_BATTINGDATA[[#Headers],[BATSMAN NAME]])),0)>0,0,SUMIF($O$6:O46,T_BATTINGDATA[[#This Row],[BATSMAN NAME]],$E$6:E46)),SUMIF($O$6:O46,T_BATTINGDATA[[#This Row],[BATSMAN NAME]],$E$6:E46)) -> 0 | R46: 48 | S46: Australia | T46: 7 | U46: 6 | V46: 0 | W46: 1 | X46: 14 | Y46: =CONCATENATE(T_EXTRAS[[#This Row],[Match Number]],T_EXTRAS[[#This Row],[Team Batting]]) -> 48Australia | AA46: 21 | AB46: UAE | AC46: 10 | AD46: 102 | AE46: 3.23 | AF46: 31.3 | AG46: =T_MTOTAL[[#This Row],[Match Number]]&T_MTOTAL[[#This Row],[Team]] -> 21UAE | AH46: 1 | AI46: =T_MTOTAL[[#This Row],[Match Number]]&" "&T_MTOTAL[[#This Row],[ORDER]] -> 21 1 | AJ46: =IF(INDEX(T_MATCHSUM[TEAM ONE],MATCH(T_MTOTAL[[#This Row],[Match Number]],T_MATCHSUM[Match Number],0))=T_MTOTAL[[#This Row],[Team]],INDEX(T_MATCHSUM[TEAM TWO],MATCH(T_MTOTAL[[#This Row],[Match Number]],T_MATCHSUM[Match Number],0)),INDEX(T_MATCHSUM[TEAM ONE],MATCH(T_MTOTAL[[#This Row],[Match Number]],T_MATCHSUM[Match Number],0))) -> INDIA | AK46: =IF(OR(T_MTOTAL[[#This Row],[ORDER LINK]]="32 2",T_MTOTAL[[#This Row],[ORDER LINK]]="36 2"),50,IFERROR(IF(MATCH(T_MTOTAL[[#This Row],[ORDER LINK]],T_DL[link],0)>0, INDEX(T_DL[D/L Overs],MATCH(T_MTOTAL[[#This Row],[ORDER LINK]],T_DL[link],0)),IF(T_MTOTAL[[#This Row],[Wickets]]=10, 50,T_MTOTAL[[#This Row],[Overs]])),IF(T_MTOTAL[[#This Row],[Wickets]]=10, 50,T_MTOTAL[[#This Row],[Overs]]))) -> 50 | AL46: =(LEFT(T_MTOTAL[[#This Row],[Counting Overs]],IFERROR(FIND(".",T_MTOTAL[[#This Row],[Counting Overs]])-1,LEN(T_MTOTAL[[#This Row],[Counting Overs]])))*6) + IFERROR(IF(FIND(".",T_MTOTAL[[#This Row],[Counting Overs]])+1>0,RIGHT(T_MTOTAL[[#This Row],[Counting Overs]],1),0),0) -> 300 | AM46: =(LEFT(T_MTOTAL[[#This Row],[Overs]],IFERROR(FIND(".",T_MTOTAL[[#This Row],[Overs]])-1,LEN(T_MTOTAL[[#This Row],[Overs]])))*6) + IFERROR(IF(FIND(".",T_MTOTAL[[#This Row],[Overs]])+1>0,RIGHT(T_MTOTAL[[#This Row],[Overs]],1),0),0) -> 189 | AN46: =IFERROR(IF(MATCH(T_MTOTAL[[#This Row],[ORDER LINK]],T_DL[link],0)>0,INDEX(T_DL[d/l score],MATCH(T_MTOTAL[[#This Row],[ORDER LINK]],T_DL[link],0)),""),T_MTOTAL[[#This Row],[Total]]) -> 102 | AP46: 21 | AQ46: India | AR46: RA Jadeja | AS46: 5 | AT46: 0 | AU46: 23 | AV46: 2 | AW46: 4.6 | AX46: 22 | AY46: 3 | AZ46: 1 | BC46: 5 | BD46: =CONCATENATE(Table9[[#This Row],[Match Number]],Table9[[#This Row],[Team]],Table9[[#This Row],[BOWL NUM]]) -> 21India5 | BE46: =IFERROR(IF(AND(Table9[[#This Row],[Team]]=I_TEAM,IFERROR(IF(MATCH(Table9[[#This Row],[Bowler]],$AR$5:AR45,0)>0,0),1)),1,0),"") | BF46: =(LEFT(Table9[[#This Row],[Overs]],IFERROR(FIND(".",Table9[[#This Row],[Overs]])-1,LEN(Table9[[#This Row],[Overs]])))*6) + IFERROR(IF(FIND(".",Table9[[#This Row],[Overs]])+1>0,RIGHT(Table9[[#This Row],[Overs]],1),0),0) -> 30 | BG46: =IF(INDEX(T_MATCHSUM[TEAM ONE],MATCH(Table9[[#This Row],[Match Number]],T_MATCHSUM[Match Number],0))=Table9[[#This Row],[Team]],INDEX(T_MATCHSUM[TEAM TWO],MATCH(Table9[[#This Row],[Match Number]],T_MATCHSUM[Match Number],0)),INDEX(T_MATCHSUM[TEAM ONE],MATCH(Table9[[#This Row],[Match Number]],T_MATCHSUM[Match Number],0))) -> UAE | BH46: =IF(Table9[[#This Row],[Team]]=I_TEAM,Table9[[#This Row],[Wickets]]*100-Table9[[#This Row],[Runs]],0) -> #REF! | BI46: =Table9[[#This Row],[Wickets]]*100-Table9[[#This Row],[Runs]] -> 177 | BJ46: =IFERROR(IF(MATCH(Table9[[#This Row],[Bowler]],OFFSET(AR47,0,0,BOWLROWS-ROW(AR46)-ROW(Table9[[#Headers],[BOWLER CUML WICKETS]])),0)>0,0,SUMIF($AR$6:AR46,Table9[[#This Row],[Bowler]],$AV$6:AV46)),SUMIF($AR$6:AR46,Table9[[#This Row],[Bowler]],$AV$6:AV46)) -> 0 | BK46: =IFERROR(IF(MATCH(Table9[[#This Row],[Bowler]],OFFSET(AR47,0,0,BOWLROWS-ROW(AR46)-ROW(Table9[[#Headers],[BOWLER CUML WICKETS]])),0)>0,0,SUMIF($AR$6:AR46,Table9[[#This Row],[Bowler]],$AU$6:AU46)),SUMIF($AR$6:AR46,Table9[[#This Row],[Bowler]],$AU$6:AU46)) -> 0 | BL46: =Table9[[#This Row],[BOWLER CUML WICKETS]]*100-Table9[[#This Row],[BOWLER CUML RUNS]] -> 0
